{"v":"5.12.1","fr":30,"ip":0,"op":180,"w":1056,"h":832,"nm":"6210419","ddd":0,"assets":[{"id":"comp_0","nm":"main","fr":30,"layers":[{"ddd":0,"ind":1,"ty":4,"nm":"r hand","parent":3,"sr":1,"ks":{"o":{"a":0,"k":100,"ix":11},"r":{"a":1,"k":[{"i":{"x":[0.667],"y":[1]},"o":{"x":[0.333],"y":[0]},"t":0,"s":[73]},{"i":{"x":[0.833],"y":[1]},"o":{"x":[0.167],"y":[0]},"t":18,"s":[0]},{"i":{"x":[0.667],"y":[1]},"o":{"x":[0.167],"y":[0]},"t":26,"s":[20]},{"i":{"x":[0.833],"y":[1]},"o":{"x":[0.167],"y":[0]},"t":34,"s":[0]},{"i":{"x":[0.667],"y":[1]},"o":{"x":[0.167],"y":[0]},"t":42,"s":[20]},{"i":{"x":[0.833],"y":[1]},"o":{"x":[0.195],"y":[0]},"t":50,"s":[0]},{"i":{"x":[0.667],"y":[1]},"o":{"x":[0.167],"y":[0]},"t":58,"s":[20]},{"i":{"x":[0.833],"y":[1]},"o":{"x":[0.167],"y":[0]},"t":66,"s":[0]},{"i":{"x":[0.667],"y":[1]},"o":{"x":[0.167],"y":[0]},"t":74,"s":[20]},{"i":{"x":[0.667],"y":[1]},"o":{"x":[0.167],"y":[0]},"t":82,"s":[0]},{"i":{"x":[0.833],"y":[1]},"o":{"x":[0.167],"y":[0]},"t":98,"s":[73]},{"i":{"x":[0.667],"y":[1]},"o":{"x":[0.167],"y":[0]},"t":135,"s":[78]},{"t":179,"s":[73]}],"ix":10},"p":{"a":0,"k":[736.271,424.399,0],"ix":2,"l":2},"a":{"a":0,"k":[736.271,424.399,0],"ix":1,"l":2},"s":{"a":0,"k":[100,100,100],"ix":6,"l":2}},"ao":0,"shapes":[{"ty":"gr","it":[{"ind":0,"ty":"sh","ix":1,"ks":{"a":0,"k":{"i":[[-2.282,15.429],[0,0],[-11.67,-2.37],[-8.395,10.1],[0,0],[15.285,3.104]],"o":[[0,0],[4.832,10.016],[13.677,2.777],[0,0],[-3.917,15.097],[-15.285,-3.104]],"v":[[-32.384,-4.147],[-28.635,-29.497],[-2.861,-9.413],[32.703,-21.977],[25.051,7.517],[-9.194,28.905]],"c":true},"ix":2},"nm":"Path 1","mn":"ADBE Vector Shape - Group","hd":false},{"ty":"gf","o":{"a":0,"k":100,"ix":10},"r":1,"bm":0,"g":{"p":3,"k":{"a":0,"k":[0,0,0.878,0.89,0.205,0.437,0.884,0.945,0.59,0.875,0.89,1,0,1,0.205,0.5,0.59,0],"ix":9}},"s":{"a":0,"k":[-11.116,34.277],"ix":5},"e":{"a":0,"k":[0.139,-24.061],"ix":6},"t":1,"nm":"Gradient Fill 1","mn":"ADBE Vector Graphic - G-Fill","hd":false},{"ty":"tr","p":{"a":0,"k":[742.204,406.447],"ix":2},"a":{"a":0,"k":[0,0],"ix":1},"s":{"a":0,"k":[100,100],"ix":3},"r":{"a":0,"k":0,"ix":6},"o":{"a":0,"k":100,"ix":7},"sk":{"a":0,"k":0,"ix":4},"sa":{"a":0,"k":0,"ix":5},"nm":"Transform"}],"nm":"Group 1","np":2,"cix":2,"bm":0,"ix":1,"mn":"ADBE Vector Group","hd":false},{"ty":"gr","it":[{"ind":0,"ty":"sh","ix":1,"ks":{"a":0,"k":{"i":[[-15.285,-3.104],[0,0],[-3.917,15.097],[0,0],[0,0],[0,0]],"o":[[0,0],[15.285,3.104],[0,0],[0,0],[0,0],[-2.282,15.429]],"v":[[-19.262,70.953],[-19.262,70.953],[14.984,49.565],[42.77,-57.526],[-26.265,-71.545],[-42.451,37.902]],"c":true},"ix":2},"nm":"Path 1","mn":"ADBE Vector Shape - Group","hd":false},{"ty":"gf","o":{"a":0,"k":100,"ix":10},"r":1,"bm":0,"g":{"p":5,"k":{"a":0,"k":[0,0.451,0.506,0.914,0.212,0.363,0.414,0.808,0.547,0.275,0.322,0.702,0.835,0.516,0.549,0.833,1,0.757,0.776,0.965],"ix":9}},"s":{"a":0,"k":[-18.192,34.799],"ix":5},"e":{"a":0,"k":[-2.234,-65.817],"ix":6},"t":1,"nm":"Gradient Fill 1","mn":"ADBE Vector Graphic - G-Fill","hd":false},{"ty":"tr","p":{"a":0,"k":[752.271,364.399],"ix":2},"a":{"a":0,"k":[0,0],"ix":1},"s":{"a":0,"k":[100,100],"ix":3},"r":{"a":0,"k":0,"ix":6},"o":{"a":0,"k":100,"ix":7},"sk":{"a":0,"k":0,"ix":4},"sa":{"a":0,"k":0,"ix":5},"nm":"Transform"}],"nm":"Group 2","np":2,"cix":2,"bm":0,"ix":2,"mn":"ADBE Vector Group","hd":false}],"ip":0,"op":180,"st":0,"ct":1,"bm":0},{"ddd":0,"ind":2,"ty":4,"nm":"r fist","parent":1,"sr":1,"ks":{"o":{"a":0,"k":100,"ix":11},"r":{"a":1,"k":[{"i":{"x":[0.667],"y":[1]},"o":{"x":[0.333],"y":[0]},"t":0,"s":[14]},{"i":{"x":[0.833],"y":[1]},"o":{"x":[0.167],"y":[0]},"t":19,"s":[-10]},{"i":{"x":[0.667],"y":[1]},"o":{"x":[0.167],"y":[0]},"t":27,"s":[16]},{"i":{"x":[0.833],"y":[1]},"o":{"x":[0.167],"y":[0]},"t":35,"s":[-10]},{"i":{"x":[0.667],"y":[1]},"o":{"x":[0.167],"y":[0]},"t":43,"s":[16]},{"i":{"x":[0.833],"y":[1]},"o":{"x":[0.167],"y":[0]},"t":51,"s":[-10]},{"i":{"x":[0.667],"y":[1]},"o":{"x":[0.167],"y":[0]},"t":59,"s":[16]},{"i":{"x":[0.833],"y":[1]},"o":{"x":[0.167],"y":[0]},"t":67,"s":[-10]},{"i":{"x":[0.667],"y":[1]},"o":{"x":[0.167],"y":[0]},"t":75,"s":[16]},{"i":{"x":[0.667],"y":[1]},"o":{"x":[0.167],"y":[0]},"t":83,"s":[-10]},{"t":98,"s":[14]}],"ix":10},"p":{"a":0,"k":[762.18,299.423,0],"ix":2,"l":2},"a":{"a":0,"k":[762.18,299.423,0],"ix":1,"l":2},"s":{"a":0,"k":[100,100,100],"ix":6,"l":2}},"ao":0,"shapes":[{"ty":"gr","it":[{"ind":0,"ty":"sh","ix":1,"ks":{"a":0,"k":{"i":[[-0.491,4.18],[0,0],[6.448,1.632],[0,0],[0.407,-8.327],[0,0],[-3.376,-0.761],[0,0]],"o":[[0,0],[0.777,-6.608],[0,0],[-8.078,-2.045],[0,0],[-0.169,3.459],[0,0],[4.104,0.925]],"v":[[23.837,11.472],[24.84,2.933],[14.92,-11.479],[-8.158,-17.32],[-24.55,-5.183],[-24.923,2.445],[-19.371,9.75],[15.249,17.554]],"c":true},"ix":2},"nm":"Path 1","mn":"ADBE Vector Shape - Group","hd":false},{"ty":"fl","c":{"a":0,"k":[0.011764706112,0.203921571374,0.454901963472,1],"ix":4},"o":{"a":0,"k":100,"ix":5},"r":1,"bm":0,"nm":"Fill 1","mn":"ADBE Vector Graphic - Fill","hd":false},{"ty":"tr","p":{"a":0,"k":[764.254,289.082],"ix":2},"a":{"a":0,"k":[0,0],"ix":1},"s":{"a":0,"k":[100,100],"ix":3},"r":{"a":0,"k":0,"ix":6},"o":{"a":0,"k":100,"ix":7},"sk":{"a":0,"k":0,"ix":4},"sa":{"a":0,"k":0,"ix":5},"nm":"Transform"}],"nm":"Group 1","np":2,"cix":2,"bm":0,"ix":1,"mn":"ADBE Vector Group","hd":false},{"ty":"gr","it":[{"ty":"gr","it":[{"ind":0,"ty":"sh","ix":1,"ks":{"a":0,"k":{"i":[[-13.447,-2.592],[0,0],[2.546,-13.459],[0,0],[13.447,2.592],[0,0],[-2.546,13.459],[0,0]],"o":[[0,0],[13.447,2.592],[0,0],[-2.546,13.458],[0,0],[-13.447,-2.592],[0,0],[2.546,-13.459]],"v":[[-12.279,-38.813],[25.583,-31.516],[45.403,-2.333],[41.357,19.055],[12.28,38.813],[-25.582,31.516],[-45.402,2.333],[-41.357,-19.055]],"c":true},"ix":2},"nm":"Path 1","mn":"ADBE Vector Shape - Group","hd":false},{"ty":"gf","o":{"a":0,"k":100,"ix":10},"r":1,"bm":0,"g":{"p":3,"k":{"a":0,"k":[0,0.925,0.933,1,0.5,0.645,0.675,1,1,0.365,0.416,1],"ix":9}},"s":{"a":0,"k":[7.678,-30.95],"ix":5},"e":{"a":0,"k":[-9.977,31.477],"ix":6},"t":1,"nm":"Gradient Fill 1","mn":"ADBE Vector Graphic - G-Fill","hd":false},{"ty":"tr","p":{"a":0,"k":[0,0],"ix":2},"a":{"a":0,"k":[0,0],"ix":1},"s":{"a":0,"k":[100,100],"ix":3},"r":{"a":0,"k":0,"ix":6},"o":{"a":0,"k":100,"ix":7},"sk":{"a":0,"k":0,"ix":4},"sa":{"a":0,"k":0,"ix":5},"nm":"Transform"}],"nm":"Group 1","np":2,"cix":2,"bm":0,"ix":1,"mn":"ADBE Vector Group","hd":false},{"ty":"tr","p":{"a":0,"k":[769.266,266.114],"ix":2},"a":{"a":0,"k":[0,0],"ix":1},"s":{"a":0,"k":[100,100],"ix":3},"r":{"a":0,"k":0,"ix":6},"o":{"a":0,"k":100,"ix":7},"sk":{"a":0,"k":0,"ix":4},"sa":{"a":0,"k":0,"ix":5},"nm":"Transform"}],"nm":"Group 2","np":1,"cix":2,"bm":0,"ix":2,"mn":"ADBE Vector Group","hd":false},{"ty":"gr","it":[{"ind":0,"ty":"sh","ix":1,"ks":{"a":0,"k":{"i":[[0,0],[1.49,20.79],[0,0],[-8.512,-8.467],[0,0]],"o":[[0,0],[-1.49,-20.79],[0,0],[8.512,8.467],[0,0]],"v":[[4.8,32.398],[-8.281,5.513],[-15.038,-30.031],[-0.046,-28.039],[15.038,-2.799]],"c":true},"ix":2},"nm":"Path 1","mn":"ADBE Vector Shape - Group","hd":false},{"ty":"gf","o":{"a":0,"k":100,"ix":10},"r":1,"bm":0,"g":{"p":3,"k":{"a":0,"k":[0,0.925,0.933,1,0.5,0.645,0.675,1,1,0.365,0.416,1],"ix":9}},"s":{"a":0,"k":[3.377,-25.523],"ix":5},"e":{"a":0,"k":[5.084,24.768],"ix":6},"t":1,"nm":"Gradient Fill 1","mn":"ADBE Vector Graphic - G-Fill","hd":false},{"ty":"tr","p":{"a":0,"k":[724.03,240.891],"ix":2},"a":{"a":0,"k":[0,0],"ix":1},"s":{"a":0,"k":[100,100],"ix":3},"r":{"a":0,"k":0,"ix":6},"o":{"a":0,"k":100,"ix":7},"sk":{"a":0,"k":0,"ix":4},"sa":{"a":0,"k":0,"ix":5},"nm":"Transform"}],"nm":"Group 3","np":2,"cix":2,"bm":0,"ix":3,"mn":"ADBE Vector Group","hd":false},{"ty":"gr","it":[{"ind":0,"ty":"sh","ix":1,"ks":{"a":0,"k":{"i":[[-5.024,-0.22],[0,0],[0.203,-5.015],[0,0],[5.024,0.22],[0,0],[-0.203,5.015],[0,0]],"o":[[0,0],[5.014,0.219],[0,0],[-0.203,5.025],[0,0],[-5.014,-0.219],[0,0],[0.203,-5.025]],"v":[[1.142,-28.004],[1.142,-28.004],[9.89,-18.488],[8.363,19.268],[-1.142,28.004],[-1.142,28.004],[-9.89,18.488],[-8.362,-19.268]],"c":true},"ix":2},"nm":"Path 1","mn":"ADBE Vector Shape - Group","hd":false},{"ty":"gf","o":{"a":0,"k":100,"ix":10},"r":1,"bm":0,"g":{"p":3,"k":{"a":0,"k":[0,0.925,0.933,1,0.5,0.645,0.675,1,1,0.365,0.416,1],"ix":9}},"s":{"a":0,"k":[0.675,-27.833],"ix":5},"e":{"a":0,"k":[-1.512,26.165],"ix":6},"t":1,"nm":"Gradient Fill 1","mn":"ADBE Vector Graphic - G-Fill","hd":false},{"ty":"tr","p":{"a":0,"k":[752.252,204.046],"ix":2},"a":{"a":0,"k":[0,0],"ix":1},"s":{"a":0,"k":[100,100],"ix":3},"r":{"a":0,"k":0,"ix":6},"o":{"a":0,"k":100,"ix":7},"sk":{"a":0,"k":0,"ix":4},"sa":{"a":0,"k":0,"ix":5},"nm":"Transform"}],"nm":"Group 4","np":2,"cix":2,"bm":0,"ix":4,"mn":"ADBE Vector Group","hd":false},{"ty":"gr","it":[{"ind":0,"ty":"sh","ix":1,"ks":{"a":0,"k":{"i":[[-4.905,-1.12],[0,0],[1.101,-4.899],[0,0],[4.905,1.12],[0,0],[-1.101,4.899],[0,0]],"o":[[0,0],[4.895,1.118],[0,0],[-1.103,4.909],[0,0],[-4.895,-1.118],[0,0],[1.103,-4.909]],"v":[[6.149,-27.327],[6.153,-27.326],[13.051,-16.387],[4.775,20.439],[-6.15,27.327],[-6.153,27.326],[-13.051,16.387],[-4.775,-20.439]],"c":true},"ix":2},"nm":"Path 1","mn":"ADBE Vector Shape - Group","hd":false},{"ty":"gf","o":{"a":0,"k":100,"ix":10},"r":1,"bm":0,"g":{"p":3,"k":{"a":0,"k":[0,0.925,0.933,1,0.5,0.645,0.675,1,1,0.365,0.416,1],"ix":9}},"s":{"a":0,"k":[6.312,-25.847],"ix":5},"e":{"a":0,"k":[-6.139,22.609],"ix":6},"t":1,"nm":"Gradient Fill 1","mn":"ADBE Vector Graphic - G-Fill","hd":false},{"ty":"tr","p":{"a":0,"k":[776.04,207.131],"ix":2},"a":{"a":0,"k":[0,0],"ix":1},"s":{"a":0,"k":[100,100],"ix":3},"r":{"a":0,"k":0,"ix":6},"o":{"a":0,"k":100,"ix":7},"sk":{"a":0,"k":0,"ix":4},"sa":{"a":0,"k":0,"ix":5},"nm":"Transform"}],"nm":"Group 5","np":2,"cix":2,"bm":0,"ix":5,"mn":"ADBE Vector Group","hd":false},{"ty":"gr","it":[{"ind":0,"ty":"sh","ix":1,"ks":{"a":0,"k":{"i":[[-4.739,-1.685],[0,0],[1.665,-4.735],[0,0],[4.742,1.686],[0,0],[-1.666,4.738],[0,0]],"o":[[0,0],[4.73,1.681],[0,0],[-1.67,4.748],[0,0],[-4.732,-1.683],[0,0],[1.669,-4.745]],"v":[[9.29,-26.412],[9.305,-26.407],[14.877,-14.74],[2.361,20.845],[-9.297,26.412],[-9.302,26.41],[-14.876,14.736],[-2.361,-20.848]],"c":true},"ix":2},"nm":"Path 1","mn":"ADBE Vector Shape - Group","hd":false},{"ty":"gf","o":{"a":0,"k":100,"ix":10},"r":1,"bm":0,"g":{"p":3,"k":{"a":0,"k":[0,0.925,0.933,1,0.5,0.645,0.675,1,1,0.365,0.416,1],"ix":9}},"s":{"a":0,"k":[10.06,-21.136],"ix":5},"e":{"a":0,"k":[-6.968,22.588],"ix":6},"t":1,"nm":"Gradient Fill 1","mn":"ADBE Vector Graphic - G-Fill","hd":false},{"ty":"tr","p":{"a":0,"k":[797.599,216.166],"ix":2},"a":{"a":0,"k":[0,0],"ix":1},"s":{"a":0,"k":[100,100],"ix":3},"r":{"a":0,"k":0,"ix":6},"o":{"a":0,"k":100,"ix":7},"sk":{"a":0,"k":0,"ix":4},"sa":{"a":0,"k":0,"ix":5},"nm":"Transform"}],"nm":"Group 6","np":2,"cix":2,"bm":0,"ix":6,"mn":"ADBE Vector Group","hd":false},{"ty":"gr","it":[{"ind":0,"ty":"sh","ix":1,"ks":{"a":0,"k":{"i":[[-4.615,-2.001],[0,0],[1.984,-4.616],[0,0],[4.615,2.001],[0,0],[-1.984,4.616],[0,0]],"o":[[0,0],[4.615,2.001],[0,0],[-1.984,4.616],[0,0],[-4.615,-2.001],[0,0],[1.984,-4.616]],"v":[[9.784,-22.538],[9.784,-22.538],[14.569,-10.507],[2.213,17.784],[-9.785,22.538],[-9.785,22.538],[-14.569,10.507],[-2.214,-17.784]],"c":true},"ix":2},"nm":"Path 1","mn":"ADBE Vector Shape - Group","hd":false},{"ty":"gf","o":{"a":0,"k":100,"ix":10},"r":1,"bm":0,"g":{"p":3,"k":{"a":0,"k":[0,0.925,0.933,1,0.5,0.645,0.675,1,1,0.365,0.416,1],"ix":9}},"s":{"a":0,"k":[8.27,-17.942],"ix":5},"e":{"a":0,"k":[-8.061,19.265],"ix":6},"t":1,"nm":"Gradient Fill 1","mn":"ADBE Vector Graphic - G-Fill","hd":false},{"ty":"tr","p":{"a":0,"k":[816.06,227.983],"ix":2},"a":{"a":0,"k":[0,0],"ix":1},"s":{"a":0,"k":[100,100],"ix":3},"r":{"a":0,"k":0,"ix":6},"o":{"a":0,"k":100,"ix":7},"sk":{"a":0,"k":0,"ix":4},"sa":{"a":0,"k":0,"ix":5},"nm":"Transform"}],"nm":"Group 7","np":2,"cix":2,"bm":0,"ix":7,"mn":"ADBE Vector Group","hd":false}],"ip":0,"op":180,"st":0,"ct":1,"bm":0},{"ddd":0,"ind":3,"ty":4,"nm":"r arm","parent":7,"sr":1,"ks":{"o":{"a":0,"k":100,"ix":11},"r":{"a":1,"k":[{"i":{"x":[0.667],"y":[1]},"o":{"x":[0.333],"y":[0]},"t":0,"s":[98]},{"i":{"x":[0.833],"y":[1]},"o":{"x":[0.167],"y":[0]},"t":17,"s":[0]},{"i":{"x":[0.667],"y":[1]},"o":{"x":[0.167],"y":[0]},"t":25,"s":[16]},{"i":{"x":[0.833],"y":[1]},"o":{"x":[0.167],"y":[0]},"t":33,"s":[0]},{"i":{"x":[0.667],"y":[1]},"o":{"x":[0.167],"y":[0]},"t":41,"s":[16]},{"i":{"x":[0.833],"y":[1]},"o":{"x":[0.195],"y":[0]},"t":49,"s":[0]},{"i":{"x":[0.667],"y":[1]},"o":{"x":[0.167],"y":[0]},"t":57,"s":[16]},{"i":{"x":[0.833],"y":[1]},"o":{"x":[0.167],"y":[0]},"t":65,"s":[0]},{"i":{"x":[0.667],"y":[1]},"o":{"x":[0.167],"y":[0]},"t":73,"s":[16]},{"i":{"x":[0.667],"y":[1]},"o":{"x":[0.167],"y":[0]},"t":81,"s":[0]},{"i":{"x":[0.833],"y":[1]},"o":{"x":[0.167],"y":[0]},"t":98,"s":[98]},{"i":{"x":[0.667],"y":[1]},"o":{"x":[0.167],"y":[0]},"t":135,"s":[103]},{"t":179,"s":[98]}],"ix":10},"p":{"a":1,"k":[{"i":{"x":0.667,"y":1},"o":{"x":0.333,"y":0},"t":0,"s":[581.735,518.15,0],"to":[0,0,0],"ti":[0,0,0]},{"i":{"x":0.667,"y":0.667},"o":{"x":0.167,"y":0.167},"t":17,"s":[586.735,540.15,0],"to":[0,0,0],"ti":[0,0,0]},{"i":{"x":0.667,"y":0.667},"o":{"x":0.167,"y":0.167},"t":25,"s":[586.735,540.15,0],"to":[0,0,0],"ti":[0,0,0]},{"i":{"x":0.667,"y":0.667},"o":{"x":0.185,"y":0.185},"t":33,"s":[586.735,540.15,0],"to":[0,0,0],"ti":[0,0,0]},{"i":{"x":0.667,"y":0.667},"o":{"x":0.167,"y":0.167},"t":41,"s":[586.735,540.15,0],"to":[0,0,0],"ti":[0,0,0]},{"i":{"x":0.667,"y":0.667},"o":{"x":0.216,"y":0.216},"t":49,"s":[586.735,540.15,0],"to":[0,0,0],"ti":[0,0,0]},{"i":{"x":0.667,"y":0.667},"o":{"x":0.167,"y":0.167},"t":57,"s":[586.735,540.15,0],"to":[0,0,0],"ti":[0,0,0]},{"i":{"x":0.667,"y":0.667},"o":{"x":0.185,"y":0.185},"t":65,"s":[586.735,540.15,0],"to":[0,0,0],"ti":[0,0,0]},{"i":{"x":0.667,"y":0.667},"o":{"x":0.167,"y":0.167},"t":73,"s":[586.735,540.15,0],"to":[0,0,0],"ti":[0,0,0]},{"i":{"x":0.667,"y":1},"o":{"x":0.167,"y":0},"t":81,"s":[586.735,540.15,0],"to":[0,0,0],"ti":[0,0,0]},{"t":98,"s":[581.735,518.15,0]}],"ix":2,"l":2},"a":{"a":0,"k":[586.735,540.15,0],"ix":1,"l":2},"s":{"a":0,"k":[100,100,100],"ix":6,"l":2}},"ao":0,"shapes":[{"ty":"gr","it":[{"ind":0,"ty":"sh","ix":1,"ks":{"a":0,"k":{"i":[[4.736,5.721],[0,0],[5.721,-4.736],[0,0],[-4.736,-5.721],[0,0],[-5.721,4.736],[0,0]],"o":[[0,0],[-4.736,-5.721],[0,0],[-5.721,4.736],[0,0],[4.736,5.721],[0,0],[5.721,-4.736]],"v":[[73.756,-61.058],[73.756,-61.058],[54.744,-62.848],[-71.965,42.046],[-73.756,61.058],[-73.756,61.058],[-54.744,62.849],[71.965,-42.046]],"c":true},"ix":2},"nm":"Path 1","mn":"ADBE Vector Shape - Group","hd":false},{"ty":"fl","c":{"a":0,"k":[0.011764706112,0.203921571374,0.454901963472,1],"ix":4},"o":{"a":0,"k":100,"ix":5},"r":1,"bm":0,"nm":"Fill 1","mn":"ADBE Vector Graphic - Fill","hd":false},{"ty":"tr","p":{"a":0,"k":[674.351,469.17],"ix":2},"a":{"a":0,"k":[0,0],"ix":1},"s":{"a":0,"k":[100,100],"ix":3},"r":{"a":0,"k":0,"ix":6},"o":{"a":0,"k":100,"ix":7},"sk":{"a":0,"k":0,"ix":4},"sa":{"a":0,"k":0,"ix":5},"nm":"Transform"}],"nm":"Group 1","np":2,"cix":2,"bm":0,"ix":1,"mn":"ADBE Vector Group","hd":false},{"ty":"gr","it":[{"ind":0,"ty":"sh","ix":1,"ks":{"a":0,"k":{"i":[[-14.17,12.321],[9.629,11.074],[14.17,-12.321],[-9.629,-11.074]],"o":[[14.17,-12.321],[-9.629,-11.074],[-14.17,12.321],[9.629,11.074]],"v":[[17.435,20.052],[25.657,-22.309],[-17.434,-20.052],[-25.657,22.309]],"c":true},"ix":2},"nm":"Path 1","mn":"ADBE Vector Shape - Group","hd":false},{"ty":"gf","o":{"a":0,"k":100,"ix":10},"r":1,"bm":0,"g":{"p":3,"k":{"a":0,"k":[0,0.365,0.416,1,0.5,0.645,0.675,1,1,0.925,0.933,1],"ix":9}},"s":{"a":0,"k":[-107.917,-67.58],"ix":5},"e":{"a":0,"k":[-79.551,-128.926],"ix":6},"t":1,"nm":"Gradient Fill 1","mn":"ADBE Vector Graphic - G-Fill","hd":false},{"ty":"tr","p":{"a":0,"k":[597.299,531.069],"ix":2},"a":{"a":0,"k":[0,0],"ix":1},"s":{"a":0,"k":[100,100],"ix":3},"r":{"a":0,"k":0,"ix":6},"o":{"a":0,"k":100,"ix":7},"sk":{"a":0,"k":0,"ix":4},"sa":{"a":0,"k":0,"ix":5},"nm":"Transform"}],"nm":"Group 2","np":2,"cix":2,"bm":0,"ix":2,"mn":"ADBE Vector Group","hd":false}],"ip":0,"op":180,"st":0,"ct":1,"bm":0},{"ddd":0,"ind":4,"ty":4,"nm":"l hand","parent":5,"sr":1,"ks":{"o":{"a":0,"k":100,"ix":11},"r":{"a":1,"k":[{"i":{"x":[0.667],"y":[1]},"o":{"x":[0.333],"y":[0]},"t":0,"s":[0]},{"i":{"x":[0.667],"y":[1]},"o":{"x":[0.333],"y":[0]},"t":45,"s":[-4]},{"i":{"x":[0.667],"y":[1]},"o":{"x":[0.167],"y":[0]},"t":90,"s":[0]},{"i":{"x":[0.667],"y":[1]},"o":{"x":[0.333],"y":[0]},"t":135,"s":[-4]},{"t":180,"s":[0]}],"ix":10},"p":{"a":0,"k":[276.707,715.879,0],"ix":2,"l":2},"a":{"a":0,"k":[276.707,715.879,0],"ix":1,"l":2},"s":{"a":0,"k":[100,100,100],"ix":6,"l":2}},"ao":0,"shapes":[{"ty":"gr","it":[{"ind":0,"ty":"sh","ix":1,"ks":{"a":0,"k":{"i":[[0,0],[0,0],[0,0],[0,0]],"o":[[0,0],[0,0],[0,0],[0,0]],"v":[[27.345,-31.018],[-36.81,-23.177],[-33.114,31.018],[36.81,22.473]],"c":true},"ix":2},"nm":"Path 1","mn":"ADBE Vector Shape - Group","hd":false},{"ty":"gf","o":{"a":0,"k":100,"ix":10},"r":1,"bm":0,"g":{"p":3,"k":{"a":0,"k":[0,0,0.878,0.89,0.205,0.437,0.884,0.945,0.59,0.875,0.89,1,0,1,0.205,0.5,0.59,0],"ix":9}},"s":{"a":0,"k":[-0.887,30.535],"ix":5},"e":{"a":0,"k":[-0.887,-31.501],"ix":6},"t":1,"nm":"Gradient Fill 1","mn":"ADBE Vector Graphic - G-Fill","hd":false},{"ty":"tr","p":{"a":0,"k":[289.887,813.465],"ix":2},"a":{"a":0,"k":[0,0],"ix":1},"s":{"a":0,"k":[100,100],"ix":3},"r":{"a":0,"k":0,"ix":6},"o":{"a":0,"k":100,"ix":7},"sk":{"a":0,"k":0,"ix":4},"sa":{"a":0,"k":0,"ix":5},"nm":"Transform"}],"nm":"Group 1","np":2,"cix":2,"bm":0,"ix":1,"mn":"ADBE Vector Group","hd":false},{"ty":"gr","it":[{"ty":"gr","it":[{"ind":0,"ty":"sh","ix":1,"ks":{"a":0,"k":{"i":[[15.482,-1.892],[0,0],[-1.061,-15.561],[0,0],[0,0],[0,0]],"o":[[0,0],[-15.482,1.892],[0,0],[0,0],[0,0],[-2.717,-15.359]],"v":[[-12.973,-70.644],[-12.973,-70.644],[-38.691,-39.518],[-31.164,70.863],[38.76,62.318],[19.483,-46.628]],"c":true},"ix":2},"nm":"Path 1","mn":"ADBE Vector Shape - Group","hd":false},{"ty":"gf","o":{"a":0,"k":100,"ix":10},"r":1,"bm":0,"g":{"p":5,"k":{"a":0,"k":[0,0.757,0.776,0.965,0.165,0.516,0.549,0.833,0.453,0.275,0.322,0.702,0.788,0.363,0.414,0.808,1,0.451,0.506,0.914],"ix":9}},"s":{"a":0,"k":[6.095,60.49],"ix":5},"e":{"a":0,"k":[-7.694,-49.745],"ix":6},"t":1,"nm":"Gradient Fill 1","mn":"ADBE Vector Graphic - G-Fill","hd":false},{"ty":"tr","p":{"a":0,"k":[0,0],"ix":2},"a":{"a":0,"k":[0,0],"ix":1},"s":{"a":0,"k":[100,100],"ix":3},"r":{"a":0,"k":0,"ix":6},"o":{"a":0,"k":100,"ix":7},"sk":{"a":0,"k":0,"ix":4},"sa":{"a":0,"k":0,"ix":5},"nm":"Transform"}],"nm":"Group 1","np":2,"cix":2,"bm":0,"ix":1,"mn":"ADBE Vector Group","hd":false},{"ty":"tr","p":{"a":0,"k":[287.936,773.62],"ix":2},"a":{"a":0,"k":[0,0],"ix":1},"s":{"a":0,"k":[100,100],"ix":3},"r":{"a":0,"k":0,"ix":6},"o":{"a":0,"k":100,"ix":7},"sk":{"a":0,"k":0,"ix":4},"sa":{"a":0,"k":0,"ix":5},"nm":"Transform"}],"nm":"Group 2","np":1,"cix":2,"bm":0,"ix":2,"mn":"ADBE Vector Group","hd":false},{"ty":"gr","it":[{"ty":"gr","it":[{"ind":0,"ty":"sh","ix":1,"ks":{"a":0,"k":{"i":[[4.836,-1.381],[0,0],[1.394,4.822],[0,0],[-4.836,1.381],[0,0],[-1.394,-4.821],[0,0]],"o":[[0,0],[-4.826,1.379],[0,0],[-1.397,-4.831],[0,0],[4.826,-1.379],[0,0],[1.397,4.831]],"v":[[7.778,26.927],[7.778,26.927],[-3.532,20.667],[-14.03,-15.632],[-7.778,-26.927],[-7.778,-26.927],[3.532,-20.667],[14.03,15.631]],"c":true},"ix":2},"nm":"Path 1","mn":"ADBE Vector Shape - Group","hd":false},{"ty":"gf","o":{"a":0,"k":100,"ix":10},"r":1,"bm":0,"g":{"p":3,"k":{"a":0,"k":[0,0.925,0.933,1,0.5,0.645,0.675,1,1,0.365,0.416,1],"ix":9}},"s":{"a":0,"k":[6.992,28.196],"ix":5},"e":{"a":0,"k":[-5.016,-22.218],"ix":6},"t":1,"nm":"Gradient Fill 1","mn":"ADBE Vector Graphic - G-Fill","hd":false},{"ty":"tr","p":{"a":0,"k":[329.9,928.486],"ix":2},"a":{"a":0,"k":[0,0],"ix":1},"s":{"a":0,"k":[100,100],"ix":3},"r":{"a":0,"k":0,"ix":6},"o":{"a":0,"k":100,"ix":7},"sk":{"a":0,"k":0,"ix":4},"sa":{"a":0,"k":0,"ix":5},"nm":"Transform"}],"nm":"Group 1","np":2,"cix":2,"bm":0,"ix":1,"mn":"ADBE Vector Group","hd":false},{"ty":"gr","it":[{"ind":0,"ty":"sh","ix":1,"ks":{"a":0,"k":{"i":[[5.008,-0.489],[0,0],[0.506,4.995],[0,0],[-5.008,0.489],[0,0],[-0.506,-4.995],[0,0]],"o":[[0,0],[-4.997,0.488],[0,0],[-0.507,-5.006],[0,0],[4.997,-0.488],[0,0],[0.506,5.006]],"v":[[2.813,27.869],[2.81,27.869],[-7.195,19.675],[-10.997,-17.878],[-2.813,-27.869],[-2.81,-27.869],[7.195,-19.675],[10.997,17.878]],"c":true},"ix":2},"nm":"Path 1","mn":"ADBE Vector Shape - Group","hd":false},{"ty":"gf","o":{"a":0,"k":100,"ix":10},"r":1,"bm":0,"g":{"p":3,"k":{"a":0,"k":[0,0.925,0.933,1,0.5,0.645,0.675,1,1,0.365,0.416,1],"ix":9}},"s":{"a":0,"k":[3.518,28.187],"ix":5},"e":{"a":0,"k":[-2.828,-22.442],"ix":6},"t":1,"nm":"Gradient Fill 1","mn":"ADBE Vector Graphic - G-Fill","hd":false},{"ty":"tr","p":{"a":0,"k":[306.359,933.087],"ix":2},"a":{"a":0,"k":[0,0],"ix":1},"s":{"a":0,"k":[100,100],"ix":3},"r":{"a":0,"k":0,"ix":6},"o":{"a":0,"k":100,"ix":7},"sk":{"a":0,"k":0,"ix":4},"sa":{"a":0,"k":0,"ix":5},"nm":"Transform"}],"nm":"Group 2","np":2,"cix":2,"bm":0,"ix":2,"mn":"ADBE Vector Group","hd":false},{"ty":"gr","it":[{"ind":0,"ty":"sh","ix":1,"ks":{"a":0,"k":{"i":[[5.029,0.098],[0,0],[-0.082,5.019],[0,0],[-5.032,-0.099],[0,0],[0.082,-5.022],[0,0]],"o":[[0,0],[-5.019,-0.098],[0,0],[0.082,-5.032],[0,0],[5.022,0.099],[0,0],[-0.082,5.029]],"v":[[-0.456,27.996],[-0.472,27.995],[-9.449,18.691],[-8.836,-19.026],[0.461,-27.995],[0.467,-27.995],[9.449,-18.686],[8.836,19.031]],"c":true},"ix":2},"nm":"Path 1","mn":"ADBE Vector Shape - Group","hd":false},{"ty":"gf","o":{"a":0,"k":100,"ix":10},"r":1,"bm":0,"g":{"p":3,"k":{"a":0,"k":[0,0.925,0.933,1,0.5,0.645,0.675,1,1,0.365,0.416,1],"ix":9}},"s":{"a":0,"k":[-1.93,31.71],"ix":5},"e":{"a":0,"k":[0.841,-21.763],"ix":6},"t":1,"nm":"Gradient Fill 1","mn":"ADBE Vector Graphic - G-Fill","hd":false},{"ty":"tr","p":{"a":0,"k":[283.049,931.337],"ix":2},"a":{"a":0,"k":[0,0],"ix":1},"s":{"a":0,"k":[100,100],"ix":3},"r":{"a":0,"k":0,"ix":6},"o":{"a":0,"k":100,"ix":7},"sk":{"a":0,"k":0,"ix":4},"sa":{"a":0,"k":0,"ix":5},"nm":"Transform"}],"nm":"Group 3","np":2,"cix":2,"bm":0,"ix":3,"mn":"ADBE Vector Group","hd":false},{"ty":"gr","it":[{"ind":0,"ty":"sh","ix":1,"ks":{"a":0,"k":{"i":[[5.011,0.438],[0,0],[-0.421,5.006],[0,0],[-5.011,-0.438],[0,0],[0.421,-5.006],[0,0]],"o":[[0,0],[-5.011,-0.438],[0,0],[0.421,-5.006],[0,0],[5.011,0.438],[0,0],[-0.421,5.006]],"v":[[-2.15,24.476],[-2.15,24.476],[-10.495,14.577],[-7.727,-16.17],[2.15,-24.476],[2.15,-24.476],[10.495,-14.577],[7.727,16.17]],"c":true},"ix":2},"nm":"Path 1","mn":"ADBE Vector Shape - Group","hd":false},{"ty":"gf","o":{"a":0,"k":100,"ix":10},"r":1,"bm":0,"g":{"p":3,"k":{"a":0,"k":[0,0.925,0.933,1,0.5,0.645,0.675,1,1,0.365,0.416,1],"ix":9}},"s":{"a":0,"k":[-1.71,24.945],"ix":5},"e":{"a":0,"k":[1.182,-18.909],"ix":6},"t":1,"nm":"Gradient Fill 1","mn":"ADBE Vector Graphic - G-Fill","hd":false},{"ty":"tr","p":{"a":0,"k":[261.796,925.969],"ix":2},"a":{"a":0,"k":[0,0],"ix":1},"s":{"a":0,"k":[100,100],"ix":3},"r":{"a":0,"k":0,"ix":6},"o":{"a":0,"k":100,"ix":7},"sk":{"a":0,"k":0,"ix":4},"sa":{"a":0,"k":0,"ix":5},"nm":"Transform"}],"nm":"Group 4","np":2,"cix":2,"bm":0,"ix":4,"mn":"ADBE Vector Group","hd":false},{"ty":"gr","it":[{"ind":0,"ty":"sh","ix":1,"ks":{"a":0,"k":{"i":[[-0.857,-4.121],[0,0],[-6.633,0.492],[0,0],[2.249,8.028],[0,0],[3.443,-0.346],[0,0]],"o":[[0,0],[1.354,6.514],[0,0],[8.31,-0.617],[0,0],[-0.934,-3.335],[0,0],[-4.186,0.421]],"v":[[-25.758,-3.456],[-24.008,4.961],[-10.038,15.494],[13.703,13.733],[25.412,-2.967],[23.352,-10.322],[15.775,-15.495],[-19.536,-11.943]],"c":true},"ix":2},"nm":"Path 1","mn":"ADBE Vector Shape - Group","hd":false},{"ty":"fl","c":{"a":0,"k":[0.011764706112,0.203921571374,0.454901963472,1],"ix":4},"o":{"a":0,"k":100,"ix":5},"r":1,"bm":0,"nm":"Fill 1","mn":"ADBE Vector Graphic - Fill","hd":false},{"ty":"tr","p":{"a":0,"k":[291.124,851.734],"ix":2},"a":{"a":0,"k":[0,0],"ix":1},"s":{"a":0,"k":[100,100],"ix":3},"r":{"a":0,"k":0,"ix":6},"o":{"a":0,"k":100,"ix":7},"sk":{"a":0,"k":0,"ix":4},"sa":{"a":0,"k":0,"ix":5},"nm":"Transform"}],"nm":"Group 5","np":2,"cix":2,"bm":0,"ix":5,"mn":"ADBE Vector Group","hd":false},{"ty":"gr","it":[{"ty":"gr","it":[{"ind":0,"ty":"sh","ix":1,"ks":{"a":0,"k":{"i":[[13.576,-1.796],[0,0],[1.844,13.573],[0,0],[-13.576,1.796],[0,0],[-1.844,-13.573],[0,0]],"o":[[0,0],[-13.576,1.796],[0,0],[-1.843,-13.573],[0,0],[13.576,-1.796],[0,0],[1.844,13.573]],"v":[[23.93,32.934],[-14.296,37.991],[-42.331,16.579],[-45.261,-4.99],[-23.93,-32.934],[14.296,-37.991],[42.332,-16.579],[45.261,4.99]],"c":true},"ix":2},"nm":"Path 1","mn":"ADBE Vector Shape - Group","hd":false},{"ty":"gf","o":{"a":0,"k":100,"ix":10},"r":1,"bm":0,"g":{"p":3,"k":{"a":0,"k":[0,0.925,0.933,1,0.5,0.645,0.675,1,1,0.365,0.416,1],"ix":9}},"s":{"a":0,"k":[5.738,28.493],"ix":5},"e":{"a":0,"k":[-1.835,-32.68],"ix":6},"t":1,"nm":"Gradient Fill 1","mn":"ADBE Vector Graphic - G-Fill","hd":false},{"ty":"tr","p":{"a":0,"k":[0,0],"ix":2},"a":{"a":0,"k":[0,0],"ix":1},"s":{"a":0,"k":[100,100],"ix":3},"r":{"a":0,"k":0,"ix":6},"o":{"a":0,"k":100,"ix":7},"sk":{"a":0,"k":0,"ix":4},"sa":{"a":0,"k":0,"ix":5},"nm":"Transform"}],"nm":"Group 1","np":2,"cix":2,"bm":0,"ix":1,"mn":"ADBE Vector Group","hd":false},{"ty":"tr","p":{"a":0,"k":[294.121,874.992],"ix":2},"a":{"a":0,"k":[0,0],"ix":1},"s":{"a":0,"k":[100,100],"ix":3},"r":{"a":0,"k":0,"ix":6},"o":{"a":0,"k":100,"ix":7},"sk":{"a":0,"k":0,"ix":4},"sa":{"a":0,"k":0,"ix":5},"nm":"Transform"}],"nm":"Group 6","np":1,"cix":2,"bm":0,"ix":6,"mn":"ADBE Vector Group","hd":false},{"ty":"gr","it":[{"ind":0,"ty":"sh","ix":1,"ks":{"a":0,"k":{"i":[[0,0],[-7.992,-19.25],[0,0],[10.754,5.338],[0,0]],"o":[[0,0],[7.991,19.25],[0,0],[-10.754,-5.338],[0,0]],"v":[[-19.286,-28.803],[1.63,-7.438],[19.286,24.142],[4.435,26.996],[-17.861,7.826]],"c":true},"ix":2},"nm":"Path 1","mn":"ADBE Vector Shape - Group","hd":false},{"ty":"gf","o":{"a":0,"k":100,"ix":10},"r":1,"bm":0,"g":{"p":3,"k":{"a":0,"k":[0,0.925,0.933,1,0.5,0.645,0.675,1,1,0.365,0.416,1],"ix":9}},"s":{"a":0,"k":[8.792,25.755],"ix":5},"e":{"a":0,"k":[-12.894,-12.306],"ix":6},"t":1,"nm":"Gradient Fill 1","mn":"ADBE Vector Graphic - G-Fill","hd":false},{"ty":"tr","p":{"a":0,"k":[349.495,884.192],"ix":2},"a":{"a":0,"k":[0,0],"ix":1},"s":{"a":0,"k":[100,100],"ix":3},"r":{"a":0,"k":0,"ix":6},"o":{"a":0,"k":100,"ix":7},"sk":{"a":0,"k":0,"ix":4},"sa":{"a":0,"k":0,"ix":5},"nm":"Transform"}],"nm":"Group 7","np":2,"cix":2,"bm":0,"ix":7,"mn":"ADBE Vector Group","hd":false},{"ty":"tr","p":{"a":0,"k":[349.495,884.192],"ix":2},"a":{"a":0,"k":[349.495,884.192],"ix":1},"s":{"a":0,"k":[100,100],"ix":3},"r":{"a":0,"k":0,"ix":6},"o":{"a":0,"k":100,"ix":7},"sk":{"a":0,"k":0,"ix":4},"sa":{"a":0,"k":0,"ix":5},"nm":"Transform"}],"nm":"Group 3","np":7,"cix":2,"bm":0,"ix":3,"mn":"ADBE Vector Group","hd":false}],"ip":0,"op":180,"st":0,"ct":1,"bm":0},{"ddd":0,"ind":5,"ty":4,"nm":"l arm","parent":7,"sr":1,"ks":{"o":{"a":0,"k":100,"ix":11},"r":{"a":1,"k":[{"i":{"x":[0.667],"y":[1]},"o":{"x":[0.333],"y":[0]},"t":0,"s":[0]},{"i":{"x":[0.667],"y":[1]},"o":{"x":[0.333],"y":[0]},"t":45,"s":[-4]},{"i":{"x":[0.667],"y":[1]},"o":{"x":[0.167],"y":[0]},"t":90,"s":[0]},{"i":{"x":[0.667],"y":[1]},"o":{"x":[0.333],"y":[0]},"t":135,"s":[-4]},{"t":180,"s":[0]}],"ix":10},"p":{"a":0,"k":[344.653,509.651,0],"ix":2,"l":2},"a":{"a":0,"k":[344.653,509.651,0],"ix":1,"l":2},"s":{"a":0,"k":[100,100,100],"ix":6,"l":2}},"ao":0,"shapes":[{"ty":"gr","it":[{"ind":0,"ty":"sh","ix":1,"ks":{"a":0,"k":{"i":[[6.991,2.508],[0,0],[-2.508,6.991],[0,0],[-6.991,-2.508],[0,0],[2.508,-6.991],[0,0]],"o":[[0,0],[-6.991,-2.508],[0,0],[2.508,-6.991],[0,0],[6.991,2.508],[0,0],[-2.508,6.991]],"v":[[-32.329,90.127],[-32.329,90.127],[-40.48,72.857],[15.06,-81.976],[32.329,-90.127],[32.329,-90.127],[40.48,-72.857],[-15.06,81.976]],"c":true},"ix":2},"nm":"Path 1","mn":"ADBE Vector Shape - Group","hd":false},{"ty":"fl","c":{"a":0,"k":[0.011764706112,0.203921571374,0.454901963472,1],"ix":4},"o":{"a":0,"k":100,"ix":5},"r":1,"bm":0,"nm":"Fill 1","mn":"ADBE Vector Graphic - Fill","hd":false},{"ty":"tr","p":{"a":0,"k":[303.542,639.845],"ix":2},"a":{"a":0,"k":[0,0],"ix":1},"s":{"a":0,"k":[100,100],"ix":3},"r":{"a":0,"k":0,"ix":6},"o":{"a":0,"k":100,"ix":7},"sk":{"a":0,"k":0,"ix":4},"sa":{"a":0,"k":0,"ix":5},"nm":"Transform"}],"nm":"Group 1","np":2,"cix":2,"bm":0,"ix":1,"mn":"ADBE Vector Group","hd":false},{"ty":"gr","it":[{"ind":0,"ty":"sh","ix":1,"ks":{"a":0,"k":{"i":[[3.766,-18.396],[14.377,2.943],[-3.766,18.396],[-14.377,-2.943]],"o":[[-3.766,18.396],[-14.377,-2.943],[3.766,-18.396],[14.377,2.943]],"v":[[26.032,5.329],[-6.818,33.309],[-26.032,-5.329],[6.818,-33.309]],"c":true},"ix":2},"nm":"Path 1","mn":"ADBE Vector Shape - Group","hd":false},{"ty":"gf","o":{"a":0,"k":100,"ix":10},"r":1,"bm":0,"g":{"p":3,"k":{"a":0,"k":[0,0.365,0.416,1,0.5,0.645,0.675,1,1,0.925,0.933,1],"ix":9}},"s":{"a":0,"k":[37.256,101.62],"ix":5},"e":{"a":0,"k":[199.883,5.721],"ix":6},"t":1,"nm":"Gradient Fill 1","mn":"ADBE Vector Graphic - G-Fill","hd":false},{"ty":"tr","p":{"a":0,"k":[340.117,534.279],"ix":2},"a":{"a":0,"k":[0,0],"ix":1},"s":{"a":0,"k":[100,100],"ix":3},"r":{"a":0,"k":0,"ix":6},"o":{"a":0,"k":100,"ix":7},"sk":{"a":0,"k":0,"ix":4},"sa":{"a":0,"k":0,"ix":5},"nm":"Transform"}],"nm":"Group 2","np":2,"cix":2,"bm":0,"ix":2,"mn":"ADBE Vector Group","hd":false}],"ip":0,"op":180,"st":0,"ct":1,"bm":0},{"ddd":0,"ind":6,"ty":4,"nm":"head","parent":7,"sr":1,"ks":{"o":{"a":0,"k":100,"ix":11},"r":{"a":0,"k":0,"ix":10},"p":{"a":0,"k":[473.05,468.424,0],"ix":2,"l":2},"a":{"a":0,"k":[473.05,468.424,0],"ix":1,"l":2},"s":{"a":0,"k":[100,100,100],"ix":6,"l":2}},"ao":0,"shapes":[{"ty":"gr","it":[{"ty":"gr","it":[{"ind":0,"ty":"sh","ix":1,"ks":{"a":0,"k":{"i":[[0,-10.558],[10.558,0],[0,10.558],[-10.558,0]],"o":[[0,10.558],[-10.558,0],[0,-10.558],[10.558,0]],"v":[[19.118,0],[0,19.118],[-19.118,0],[0,-19.118]],"c":true},"ix":2},"nm":"Path 1","mn":"ADBE Vector Shape - Group","hd":false},{"ty":"fl","c":{"a":0,"k":[0,0.905882358551,1,1],"ix":4},"o":{"a":0,"k":100,"ix":5},"r":1,"bm":0,"nm":"Fill 1","mn":"ADBE Vector Graphic - Fill","hd":false},{"ty":"tr","p":{"a":0,"k":[518.089,308.198],"ix":2},"a":{"a":0,"k":[0,0],"ix":1},"s":{"a":0,"k":[100,100],"ix":3},"r":{"a":0,"k":0,"ix":6},"o":{"a":0,"k":100,"ix":7},"sk":{"a":0,"k":0,"ix":4},"sa":{"a":0,"k":0,"ix":5},"nm":"Transform"}],"nm":"Group 1","np":2,"cix":2,"bm":0,"ix":1,"mn":"ADBE Vector Group","hd":false},{"ty":"gr","it":[{"ind":0,"ty":"sh","ix":1,"ks":{"a":0,"k":{"i":[[0,-10.558],[10.558,0],[0,10.558],[-10.558,0]],"o":[[0,10.558],[-10.558,0],[0,-10.558],[10.558,0]],"v":[[19.118,0],[0,19.118],[-19.118,0],[0,-19.118]],"c":true},"ix":2},"nm":"Path 1","mn":"ADBE Vector Shape - Group","hd":false},{"ty":"fl","c":{"a":0,"k":[0,0.905882358551,1,1],"ix":4},"o":{"a":0,"k":100,"ix":5},"r":1,"bm":0,"nm":"Fill 1","mn":"ADBE Vector Graphic - Fill","hd":false},{"ty":"tr","p":{"a":0,"k":[406.995,308.198],"ix":2},"a":{"a":0,"k":[0,0],"ix":1},"s":{"a":0,"k":[100,100],"ix":3},"r":{"a":0,"k":0,"ix":6},"o":{"a":0,"k":100,"ix":7},"sk":{"a":0,"k":0,"ix":4},"sa":{"a":0,"k":0,"ix":5},"nm":"Transform"}],"nm":"Group 2","np":2,"cix":2,"bm":0,"ix":2,"mn":"ADBE Vector Group","hd":false},{"ty":"tr","p":{"a":0,"k":[406.995,308.198],"ix":2},"a":{"a":0,"k":[406.995,308.198],"ix":1},"s":{"a":1,"k":[{"i":{"x":[0.667,0.667],"y":[1,1]},"o":{"x":[0.333,0.333],"y":[0,0]},"t":124,"s":[100,100]},{"i":{"x":[0.667,0.667],"y":[1,1]},"o":{"x":[0.302,0.302],"y":[0,0]},"t":126,"s":[100,0]},{"i":{"x":[0.667,0.667],"y":[1,1]},"o":{"x":[0.333,0.333],"y":[0,0]},"t":127,"s":[100,0]},{"i":{"x":[0.667,0.667],"y":[1,1]},"o":{"x":[0.297,0.297],"y":[0,0]},"t":129,"s":[100,100]},{"i":{"x":[0.667,0.667],"y":[1,1]},"o":{"x":[0.333,0.333],"y":[0,0]},"t":135,"s":[100,100]},{"i":{"x":[0.667,0.667],"y":[1,1]},"o":{"x":[0.302,0.302],"y":[0,0]},"t":137,"s":[100,0]},{"i":{"x":[0.667,0.667],"y":[1,1]},"o":{"x":[0.333,0.333],"y":[0,0]},"t":138,"s":[100,0]},{"t":140,"s":[100,100]}],"ix":3},"r":{"a":0,"k":0,"ix":6},"o":{"a":0,"k":100,"ix":7},"sk":{"a":0,"k":0,"ix":4},"sa":{"a":0,"k":0,"ix":5},"nm":"Transform"}],"nm":"Group 1","np":2,"cix":2,"bm":0,"ix":1,"mn":"ADBE Vector Group","hd":false},{"ty":"gr","it":[{"ind":0,"ty":"sh","ix":1,"ks":{"a":0,"k":{"i":[[0,0],[0,21.871],[-8.842,0],[0,0],[0,-8.841],[21.872,0]],"o":[[-21.872,0],[0,-8.841],[0,0],[8.842,0],[0,21.871],[0,0]],"v":[[-63.362,27.85],[-103.028,-11.815],[-86.992,-27.85],[86.992,-27.85],[103.028,-11.815],[63.362,27.85]],"c":true},"ix":2},"nm":"Path 1","mn":"ADBE Vector Shape - Group","hd":false},{"ty":"fl","c":{"a":0,"k":[0.011764706112,0.203921571374,0.454901963472,1],"ix":4},"o":{"a":0,"k":100,"ix":5},"r":1,"bm":0,"nm":"Fill 1","mn":"ADBE Vector Graphic - Fill","hd":false},{"ty":"tr","p":{"a":0,"k":[464.627,308.351],"ix":2},"a":{"a":0,"k":[0,0],"ix":1},"s":{"a":0,"k":[100,100],"ix":3},"r":{"a":0,"k":0,"ix":6},"o":{"a":0,"k":100,"ix":7},"sk":{"a":0,"k":0,"ix":4},"sa":{"a":0,"k":0,"ix":5},"nm":"Transform"}],"nm":"Group 2","np":2,"cix":2,"bm":0,"ix":2,"mn":"ADBE Vector Group","hd":false},{"ty":"gr","it":[{"ind":0,"ty":"sh","ix":1,"ks":{"a":0,"k":{"i":[[43.83,-13.428],[0,0],[19.027,0],[0,0],[0,0],[13.262,9.012],[0,0],[-42.576,140.122]],"o":[[0,0],[0,0],[-19.027,0],[0,0],[-36.268,-11.111],[42.828,135.405],[0,0],[-9.069,6.757]],"v":[[35.418,-26.463],[32.349,-4.674],[-3.25,1.771],[-38.85,-4.674],[-41.919,-26.463],[-118.112,-62.561],[-0.709,67.138],[118.112,-67.173]],"c":true},"ix":2},"nm":"Path 1","mn":"ADBE Vector Shape - Group","hd":false},{"ty":"gf","o":{"a":0,"k":100,"ix":10},"r":1,"bm":0,"g":{"p":3,"k":{"a":0,"k":[0,0.537,0.576,0.969,0.274,0.327,0.376,0.743,0.754,0.118,0.176,0.518,0,0,0.274,0.5,0.754,1],"ix":9}},"s":{"a":0,"k":[-0.729,66.353],"ix":5},"e":{"a":0,"k":[-0.729,-67.993],"ix":6},"t":1,"nm":"Gradient Fill 1","mn":"ADBE Vector Graphic - G-Fill","hd":false},{"ty":"tr","p":{"a":0,"k":[465.729,398.647],"ix":2},"a":{"a":0,"k":[0,0],"ix":1},"s":{"a":0,"k":[100,100],"ix":3},"r":{"a":0,"k":0,"ix":6},"o":{"a":0,"k":100,"ix":7},"sk":{"a":0,"k":0,"ix":4},"sa":{"a":0,"k":0,"ix":5},"nm":"Transform"}],"nm":"Group 3","np":2,"cix":2,"bm":0,"ix":3,"mn":"ADBE Vector Group","hd":false},{"ty":"gr","it":[{"ind":0,"ty":"sh","ix":1,"ks":{"a":0,"k":{"i":[[0,0],[55.243,79.2],[0,0],[-43.274,125.236]],"o":[[0,0],[43.274,125.236],[0,0],[-55.242,79.2]],"v":[[0,13.196],[-113.75,-59.293],[0,59.23],[113.75,-59.293]],"c":true},"ix":2},"nm":"Path 1","mn":"ADBE Vector Shape - Group","hd":false},{"ty":"gf","o":{"a":0,"k":100,"ix":10},"r":1,"bm":0,"g":{"p":3,"k":{"a":0,"k":[0.195,0,0.878,0.89,0.348,0.437,0.884,0.945,0.636,0.875,0.89,1,0.195,1,0.348,0.5,0.636,0],"ix":9}},"s":{"a":0,"k":[-0.02,89.444],"ix":5},"e":{"a":0,"k":[-0.02,-29.141],"ix":6},"t":1,"nm":"Gradient Fill 1","mn":"ADBE Vector Graphic - G-Fill","hd":false},{"ty":"tr","p":{"a":0,"k":[465.02,406.556],"ix":2},"a":{"a":0,"k":[0,0],"ix":1},"s":{"a":0,"k":[100,100],"ix":3},"r":{"a":0,"k":0,"ix":6},"o":{"a":0,"k":100,"ix":7},"sk":{"a":0,"k":0,"ix":4},"sa":{"a":0,"k":0,"ix":5},"nm":"Transform"}],"nm":"Group 4","np":2,"cix":2,"bm":0,"ix":4,"mn":"ADBE Vector Group","hd":false},{"ty":"gr","it":[{"ind":0,"ty":"sh","ix":1,"ks":{"a":0,"k":{"i":[[-53.626,51.58],[1.941,2.014],[0.525,-0.002],[51.595,49.483],[1.81,-2.127],[-2.327,-0.001]],"o":[[-1.814,-2.132],[-51.48,49.294],[-0.534,0],[-1.936,2.01],[53.627,51.58],[2.324,-0.001]],"v":[[102.857,-23.042],[97.223,-29.259],[0.003,20.973],[-97.236,-29.245],[-102.857,-23.042],[0.003,29.259]],"c":true},"ix":2},"nm":"Path 1","mn":"ADBE Vector Shape - Group","hd":false},{"ty":"fl","c":{"a":0,"k":[0,0.905882358551,1,1],"ix":4},"o":{"a":0,"k":100,"ix":5},"r":1,"bm":0,"nm":"Fill 1","mn":"ADBE Vector Graphic - Fill","hd":false},{"ty":"tr","p":{"a":0,"k":[465.02,189.634],"ix":2},"a":{"a":0,"k":[0,0],"ix":1},"s":{"a":0,"k":[100,100],"ix":3},"r":{"a":0,"k":0,"ix":6},"o":{"a":0,"k":100,"ix":7},"sk":{"a":0,"k":0,"ix":4},"sa":{"a":0,"k":0,"ix":5},"nm":"Transform"}],"nm":"Group 5","np":2,"cix":2,"bm":0,"ix":5,"mn":"ADBE Vector Group","hd":false},{"ty":"gr","it":[{"ind":0,"ty":"sh","ix":1,"ks":{"a":0,"k":{"i":[[21.445,-14.339],[0,0],[-37.206,49.087],[27.734,0]],"o":[[37.206,49.087],[0,0],[-21.445,-14.339],[-27.734,0]],"v":[[-74.953,-13.194],[0,35.906],[74.953,-13.194],[0,-35.906]],"c":true},"ix":2},"nm":"Path 1","mn":"ADBE Vector Shape - Group","hd":false},{"ty":"gf","o":{"a":0,"k":100,"ix":10},"r":1,"bm":0,"g":{"p":5,"k":{"a":0,"k":[0,0.451,0.506,0.914,0.212,0.363,0.414,0.808,0.547,0.275,0.322,0.702,0.835,0.516,0.549,0.833,1,0.757,0.776,0.965],"ix":9}},"s":{"a":0,"k":[-0.021,35.094],"ix":5},"e":{"a":0,"k":[-0.021,-36.718],"ix":6},"t":1,"nm":"Gradient Fill 1","mn":"ADBE Vector Graphic - G-Fill","hd":false},{"ty":"tr","p":{"a":0,"k":[465.021,154.906],"ix":2},"a":{"a":0,"k":[0,0],"ix":1},"s":{"a":0,"k":[100,100],"ix":3},"r":{"a":0,"k":0,"ix":6},"o":{"a":0,"k":100,"ix":7},"sk":{"a":0,"k":0,"ix":4},"sa":{"a":0,"k":0,"ix":5},"nm":"Transform"}],"nm":"Group 6","np":2,"cix":2,"bm":0,"ix":6,"mn":"ADBE Vector Group","hd":false},{"ty":"gr","it":[{"ind":0,"ty":"sh","ix":1,"ks":{"a":0,"k":{"i":[[-12.288,0],[0,0],[0,-12.288],[0,0],[25.339,0],[0,0],[0,25.339],[0,0]],"o":[[0,0],[12.288,0],[0,0],[0,25.339],[0,0],[-25.339,0],[0,0],[0,-12.288]],"v":[[-86.993,-34.065],[86.993,-34.065],[109.242,-11.815],[109.242,-11.815],[63.362,34.065],[-63.362,34.065],[-109.242,-11.815],[-109.242,-11.815]],"c":true},"ix":2},"nm":"Path 1","mn":"ADBE Vector Shape - Group","hd":false},{"ty":"gf","o":{"a":0,"k":100,"ix":10},"r":1,"bm":0,"g":{"p":3,"k":{"a":0,"k":[0,0.537,0.576,0.969,0.364,0.327,0.376,0.743,1,0.118,0.176,0.518,0,0,0.364,0.5,1,1],"ix":9}},"s":{"a":0,"k":[-0.627,33.649],"ix":5},"e":{"a":0,"k":[-0.627,-34.481],"ix":6},"t":1,"nm":"Gradient Fill 1","mn":"ADBE Vector Graphic - G-Fill","hd":false},{"ty":"tr","p":{"a":0,"k":[464.627,308.351],"ix":2},"a":{"a":0,"k":[0,0],"ix":1},"s":{"a":0,"k":[100,100],"ix":3},"r":{"a":0,"k":0,"ix":6},"o":{"a":0,"k":100,"ix":7},"sk":{"a":0,"k":0,"ix":4},"sa":{"a":0,"k":0,"ix":5},"nm":"Transform"}],"nm":"Group 7","np":2,"cix":2,"bm":0,"ix":7,"mn":"ADBE Vector Group","hd":false},{"ty":"gr","it":[{"ind":0,"ty":"sh","ix":1,"ks":{"a":0,"k":{"i":[[0,15.409],[74.576,0],[0,-74.576],[-4.753,-13.794],[0,0],[-39.736,174.495]],"o":[[0,-74.576],[-74.576,0],[0,15.409],[39.736,174.496],[0,0],[4.754,-13.795]],"v":[[135.032,-38.379],[0,-173.41],[-135.032,-38.379],[-127.662,5.614],[0,173.376],[127.662,5.615]],"c":true},"ix":2},"nm":"Path 1","mn":"ADBE Vector Shape - Group","hd":false},{"ty":"gf","o":{"a":0,"k":100,"ix":10},"r":1,"bm":0,"g":{"p":5,"k":{"a":0,"k":[0,0.451,0.506,0.914,0.212,0.363,0.414,0.808,0.547,0.275,0.322,0.702,0.835,0.516,0.549,0.833,1,0.757,0.776,0.965],"ix":9}},"s":{"a":0,"k":[-0.021,172.59],"ix":5},"e":{"a":0,"k":[-0.021,-174.231],"ix":6},"t":1,"nm":"Gradient Fill 1","mn":"ADBE Vector Graphic - G-Fill","hd":false},{"ty":"tr","p":{"a":0,"k":[465.021,292.41],"ix":2},"a":{"a":0,"k":[0,0],"ix":1},"s":{"a":0,"k":[100,100],"ix":3},"r":{"a":0,"k":0,"ix":6},"o":{"a":0,"k":100,"ix":7},"sk":{"a":0,"k":0,"ix":4},"sa":{"a":0,"k":0,"ix":5},"nm":"Transform"}],"nm":"Group 8","np":2,"cix":2,"bm":0,"ix":8,"mn":"ADBE Vector Group","hd":false},{"ty":"gr","it":[{"ty":"gr","it":[{"ind":0,"ty":"sh","ix":1,"ks":{"a":0,"k":{"i":[[0,0],[-1.165,-0.812],[0,0],[1.49,0.047]],"o":[[1.448,0.339],[0,0],[-1.34,0.486],[0,0]],"v":[[3.519,-39.726],[7.457,-37.966],[-3.182,39.038],[-7.457,39.72]],"c":true},"ix":2},"nm":"Path 1","mn":"ADBE Vector Shape - Group","hd":false},{"ty":"fl","c":{"a":0,"k":[0,0.905882358551,1,1],"ix":4},"o":{"a":0,"k":100,"ix":5},"r":1,"bm":0,"nm":"Fill 1","mn":"ADBE Vector Graphic - Fill","hd":false},{"ty":"tr","p":{"a":0,"k":[617.632,304.383],"ix":2},"a":{"a":0,"k":[0,0],"ix":1},"s":{"a":0,"k":[100,100],"ix":3},"r":{"a":0,"k":0,"ix":6},"o":{"a":0,"k":100,"ix":7},"sk":{"a":0,"k":0,"ix":4},"sa":{"a":0,"k":0,"ix":5},"nm":"Transform"}],"nm":"Group 1","np":2,"cix":2,"bm":0,"ix":1,"mn":"ADBE Vector Group","hd":false},{"ty":"gr","it":[{"ind":0,"ty":"sh","ix":1,"ks":{"a":0,"k":{"i":[[0,0],[-3.851,2.636],[0,0],[10.602,1.493],[0,0],[0,0]],"o":[[4.986,0.702],[0,0],[-1.492,10.602],[0,0],[0,0],[0,0]],"v":[[17.832,-16.822],[31.465,-20.035],[27.762,6.272],[5.863,22.767],[-31.465,17.513],[-25.768,-22.959]],"c":true},"ix":2},"nm":"Path 1","mn":"ADBE Vector Shape - Group","hd":false},{"ty":"gf","o":{"a":0,"k":100,"ix":10},"r":1,"bm":0,"g":{"p":3,"k":{"a":0,"k":[0,0,0.878,0.89,0.332,0.437,0.884,0.945,1,0.875,0.89,1,0,1,0.332,0.5,1,0],"ix":9}},"s":{"a":0,"k":[-314.736,22.492],"ix":5},"e":{"a":0,"k":[-314.736,68.41],"ix":6},"t":1,"nm":"Gradient Fill 1","mn":"ADBE Vector Graphic - G-Fill","hd":false},{"ty":"tr","p":{"a":0,"k":[577.264,345.508],"ix":2},"a":{"a":0,"k":[0,0],"ix":1},"s":{"a":0,"k":[100,100],"ix":3},"r":{"a":0,"k":0,"ix":6},"o":{"a":0,"k":100,"ix":7},"sk":{"a":0,"k":0,"ix":4},"sa":{"a":0,"k":0,"ix":5},"nm":"Transform"}],"nm":"Group 2","np":2,"cix":2,"bm":0,"ix":2,"mn":"ADBE Vector Group","hd":false},{"ty":"gr","it":[{"ind":0,"ty":"sh","ix":1,"ks":{"a":0,"k":{"i":[[0,0],[0,0],[-1.493,10.602],[0,0],[10.602,1.492],[0,0]],"o":[[0,0],[10.602,1.493],[0,0],[1.492,-10.602],[0,0],[0,0]],"v":[[-36.418,64.134],[0.91,69.388],[22.809,52.893],[36.226,-42.426],[19.731,-64.325],[-17.596,-69.58]],"c":true},"ix":2},"nm":"Path 1","mn":"ADBE Vector Shape - Group","hd":false},{"ty":"gf","o":{"a":0,"k":100,"ix":10},"r":1,"bm":0,"g":{"p":3,"k":{"a":0,"k":[0,0.365,0.416,1,0.5,0.645,0.675,1,1,0.925,0.933,1],"ix":9}},"s":{"a":0,"k":[-315.594,159.664],"ix":5},"e":{"a":0,"k":[-334.453,293.378],"ix":6},"t":1,"nm":"Gradient Fill 1","mn":"ADBE Vector Graphic - G-Fill","hd":false},{"ty":"tr","p":{"a":0,"k":[582.217,298.887],"ix":2},"a":{"a":0,"k":[0,0],"ix":1},"s":{"a":0,"k":[100,100],"ix":3},"r":{"a":0,"k":0,"ix":6},"o":{"a":0,"k":100,"ix":7},"sk":{"a":0,"k":0,"ix":4},"sa":{"a":0,"k":0,"ix":5},"nm":"Transform"}],"nm":"Group 3","np":2,"cix":2,"bm":0,"ix":3,"mn":"ADBE Vector Group","hd":false},{"ty":"gr","it":[{"ind":0,"ty":"sh","ix":1,"ks":{"a":0,"k":{"i":[[0,0],[-3.047,1.259],[0,0],[6.307,0.888],[0,0],[0,0]],"o":[[3.501,0.493],[0,0],[-0.888,6.307],[0,0],[0,0],[0,0]],"v":[[8.3,-7.153],[18.252,-8.425],[16.98,0.611],[3.953,10.423],[-18.252,7.297],[-15.741,-10.537]],"c":true},"ix":2},"nm":"Path 1","mn":"ADBE Vector Shape - Group","hd":false},{"ty":"gf","o":{"a":0,"k":100,"ix":10},"r":1,"bm":0,"g":{"p":3,"k":{"a":0,"k":[0,0,0.878,0.89,0.332,0.437,0.884,0.945,1,0.875,0.89,1,0,1,0.332,0.5,1,0],"ix":9}},"s":{"a":0,"k":[-261.032,12.424],"ix":5},"e":{"a":0,"k":[-258.117,34.52],"ix":6},"t":1,"nm":"Gradient Fill 1","mn":"ADBE Vector Graphic - G-Fill","hd":false},{"ty":"tr","p":{"a":0,"k":[604.968,333.576],"ix":2},"a":{"a":0,"k":[0,0],"ix":1},"s":{"a":0,"k":[100,100],"ix":3},"r":{"a":0,"k":0,"ix":6},"o":{"a":0,"k":100,"ix":7},"sk":{"a":0,"k":0,"ix":4},"sa":{"a":0,"k":0,"ix":5},"nm":"Transform"}],"nm":"Group 4","np":2,"cix":2,"bm":0,"ix":4,"mn":"ADBE Vector Group","hd":false},{"ty":"gr","it":[{"ind":0,"ty":"sh","ix":1,"ks":{"a":0,"k":{"i":[[0,0],[0,0],[0.888,-6.307],[0,0],[6.307,0.888],[0,0]],"o":[[0,0],[6.307,0.888],[0,0],[-0.888,6.307],[0,0],[0,0]],"v":[[-10.467,-41.39],[11.737,-38.265],[21.549,-25.238],[13.568,31.464],[0.541,41.276],[-21.663,38.151]],"c":true},"ix":2},"nm":"Path 1","mn":"ADBE Vector Shape - Group","hd":false},{"ty":"gf","o":{"a":0,"k":100,"ix":10},"r":1,"bm":0,"g":{"p":5,"k":{"a":0,"k":[0,0.451,0.506,0.914,0.26,0.363,0.414,0.808,0.709,0.275,0.322,0.702,0.855,0.516,0.549,0.833,1,0.757,0.776,0.965],"ix":9}},"s":{"a":0,"k":[-252.62,41.277],"ix":5},"e":{"a":0,"k":[-252.62,124.058],"ix":6},"t":1,"nm":"Gradient Fill 1","mn":"ADBE Vector Graphic - G-Fill","hd":false},{"ty":"tr","p":{"a":0,"k":[608.38,302.723],"ix":2},"a":{"a":0,"k":[0,0],"ix":1},"s":{"a":0,"k":[100,100],"ix":3},"r":{"a":0,"k":0,"ix":6},"o":{"a":0,"k":100,"ix":7},"sk":{"a":0,"k":0,"ix":4},"sa":{"a":0,"k":0,"ix":5},"nm":"Transform"}],"nm":"Group 5","np":2,"cix":2,"bm":0,"ix":5,"mn":"ADBE Vector Group","hd":false},{"ty":"gr","it":[{"ind":0,"ty":"sh","ix":1,"ks":{"a":0,"k":{"i":[[0,0],[0,0],[0.888,-6.307],[0,0],[6.307,0.888],[0,0]],"o":[[0,0],[6.307,0.888],[0,0],[-0.888,6.307],[0,0],[0,0]],"v":[[-10.467,-41.39],[11.737,-38.265],[21.549,-25.238],[13.568,31.464],[0.541,41.276],[-21.663,38.151]],"c":true},"ix":2},"nm":"Path 1","mn":"ADBE Vector Shape - Group","hd":false},{"ty":"gf","o":{"a":0,"k":100,"ix":10},"r":1,"bm":0,"g":{"p":5,"k":{"a":0,"k":[0,0.451,0.506,0.914,0.26,0.363,0.414,0.808,0.709,0.275,0.322,0.702,0.855,0.516,0.549,0.833,1,0.757,0.776,0.965],"ix":9}},"s":{"a":0,"k":[-252.62,41.277],"ix":5},"e":{"a":0,"k":[-252.62,124.058],"ix":6},"t":1,"nm":"Gradient Fill 1","mn":"ADBE Vector Graphic - G-Fill","hd":false},{"ty":"tr","p":{"a":0,"k":[608.38,302.723],"ix":2},"a":{"a":0,"k":[0,0],"ix":1},"s":{"a":0,"k":[100,100],"ix":3},"r":{"a":0,"k":0,"ix":6},"o":{"a":0,"k":100,"ix":7},"sk":{"a":0,"k":0,"ix":4},"sa":{"a":0,"k":0,"ix":5},"nm":"Transform"}],"nm":"Group 6","np":2,"cix":2,"bm":0,"ix":6,"mn":"ADBE Vector Group","hd":false},{"ty":"tr","p":{"a":0,"k":[608.38,302.723],"ix":2},"a":{"a":0,"k":[608.38,302.723],"ix":1},"s":{"a":0,"k":[100,100],"ix":3},"r":{"a":0,"k":0,"ix":6},"o":{"a":0,"k":100,"ix":7},"sk":{"a":0,"k":0,"ix":4},"sa":{"a":0,"k":0,"ix":5},"nm":"Transform"}],"nm":"Group 9","np":6,"cix":2,"bm":0,"ix":9,"mn":"ADBE Vector Group","hd":false},{"ty":"gr","it":[{"ty":"gr","it":[{"ind":0,"ty":"sh","ix":1,"ks":{"a":0,"k":{"i":[[0,0],[1.164,-0.812],[0,0],[-1.49,0.047]],"o":[[-1.448,0.339],[0,0],[1.34,0.486],[0,0]],"v":[[-3.519,-39.726],[-7.457,-37.966],[3.182,39.038],[7.457,39.72]],"c":true},"ix":2},"nm":"Path 1","mn":"ADBE Vector Shape - Group","hd":false},{"ty":"fl","c":{"a":0,"k":[0,0.905882358551,1,1],"ix":4},"o":{"a":0,"k":100,"ix":5},"r":1,"bm":0,"nm":"Fill 1","mn":"ADBE Vector Graphic - Fill","hd":false},{"ty":"tr","p":{"a":0,"k":[312.468,304.383],"ix":2},"a":{"a":0,"k":[0,0],"ix":1},"s":{"a":0,"k":[100,100],"ix":3},"r":{"a":0,"k":0,"ix":6},"o":{"a":0,"k":100,"ix":7},"sk":{"a":0,"k":0,"ix":4},"sa":{"a":0,"k":0,"ix":5},"nm":"Transform"}],"nm":"Group 1","np":2,"cix":2,"bm":0,"ix":1,"mn":"ADBE Vector Group","hd":false},{"ty":"gr","it":[{"ind":0,"ty":"sh","ix":1,"ks":{"a":0,"k":{"i":[[0,0],[3.851,2.636],[0,0],[-10.602,1.493],[0,0],[0,0]],"o":[[-4.986,0.702],[0,0],[1.492,10.602],[0,0],[0,0],[0,0]],"v":[[-17.832,-16.822],[-31.465,-20.035],[-27.762,6.272],[-5.863,22.767],[31.465,17.513],[25.768,-22.959]],"c":true},"ix":2},"nm":"Path 1","mn":"ADBE Vector Shape - Group","hd":false},{"ty":"gf","o":{"a":0,"k":100,"ix":10},"r":1,"bm":0,"g":{"p":3,"k":{"a":0,"k":[0,0,0.878,0.89,0.332,0.437,0.884,0.945,1,0.875,0.89,1,0,1,0.332,0.5,1,0],"ix":9}},"s":{"a":0,"k":[-0.836,22.492],"ix":5},"e":{"a":0,"k":[-0.836,-23.425],"ix":6},"t":1,"nm":"Gradient Fill 1","mn":"ADBE Vector Graphic - G-Fill","hd":false},{"ty":"tr","p":{"a":0,"k":[352.836,345.508],"ix":2},"a":{"a":0,"k":[0,0],"ix":1},"s":{"a":0,"k":[100,100],"ix":3},"r":{"a":0,"k":0,"ix":6},"o":{"a":0,"k":100,"ix":7},"sk":{"a":0,"k":0,"ix":4},"sa":{"a":0,"k":0,"ix":5},"nm":"Transform"}],"nm":"Group 2","np":2,"cix":2,"bm":0,"ix":2,"mn":"ADBE Vector Group","hd":false},{"ty":"gr","it":[{"ind":0,"ty":"sh","ix":1,"ks":{"a":0,"k":{"i":[[0,0],[0,0],[1.493,10.602],[0,0],[-10.602,1.492],[0,0]],"o":[[0,0],[-10.602,1.493],[0,0],[-1.492,-10.602],[0,0],[0,0]],"v":[[36.418,64.134],[-0.91,69.388],[-22.809,52.893],[-36.226,-42.426],[-19.731,-64.325],[17.596,-69.58]],"c":true},"ix":2},"nm":"Path 1","mn":"ADBE Vector Shape - Group","hd":false},{"ty":"gf","o":{"a":0,"k":100,"ix":10},"r":1,"bm":0,"g":{"p":3,"k":{"a":0,"k":[0,0.365,0.416,1,0.5,0.645,0.675,1,1,0.925,0.933,1],"ix":9}},"s":{"a":0,"k":[39.096,32.984],"ix":5},"e":{"a":0,"k":[20.237,-100.73],"ix":6},"t":1,"nm":"Gradient Fill 1","mn":"ADBE Vector Graphic - G-Fill","hd":false},{"ty":"tr","p":{"a":0,"k":[347.883,298.887],"ix":2},"a":{"a":0,"k":[0,0],"ix":1},"s":{"a":0,"k":[100,100],"ix":3},"r":{"a":0,"k":0,"ix":6},"o":{"a":0,"k":100,"ix":7},"sk":{"a":0,"k":0,"ix":4},"sa":{"a":0,"k":0,"ix":5},"nm":"Transform"}],"nm":"Group 3","np":2,"cix":2,"bm":0,"ix":3,"mn":"ADBE Vector Group","hd":false},{"ty":"gr","it":[{"ind":0,"ty":"sh","ix":1,"ks":{"a":0,"k":{"i":[[0,0],[3.047,1.259],[0,0],[-6.307,0.888],[0,0],[0,0]],"o":[[-3.501,0.493],[0,0],[0.888,6.307],[0,0],[0,0],[0,0]],"v":[[-8.3,-7.153],[-18.252,-8.425],[-16.98,0.611],[-3.953,10.423],[18.252,7.297],[15.741,-10.537]],"c":true},"ix":2},"nm":"Path 1","mn":"ADBE Vector Shape - Group","hd":false},{"ty":"gf","o":{"a":0,"k":100,"ix":10},"r":1,"bm":0,"g":{"p":3,"k":{"a":0,"k":[0,0,0.878,0.89,0.332,0.437,0.884,0.945,1,0.875,0.89,1,0,1,0.332,0.5,1,0],"ix":9}},"s":{"a":0,"k":[0.868,12.424],"ix":5},"e":{"a":0,"k":[-2.048,-9.672],"ix":6},"t":1,"nm":"Gradient Fill 1","mn":"ADBE Vector Graphic - G-Fill","hd":false},{"ty":"tr","p":{"a":0,"k":[325.132,333.576],"ix":2},"a":{"a":0,"k":[0,0],"ix":1},"s":{"a":0,"k":[100,100],"ix":3},"r":{"a":0,"k":0,"ix":6},"o":{"a":0,"k":100,"ix":7},"sk":{"a":0,"k":0,"ix":4},"sa":{"a":0,"k":0,"ix":5},"nm":"Transform"}],"nm":"Group 4","np":2,"cix":2,"bm":0,"ix":4,"mn":"ADBE Vector Group","hd":false},{"ty":"gr","it":[{"ind":0,"ty":"sh","ix":1,"ks":{"a":0,"k":{"i":[[0,0],[0,0],[-0.888,-6.307],[0,0],[-6.307,0.888],[0,0]],"o":[[0,0],[-6.307,0.888],[0,0],[0.888,6.307],[0,0],[0,0]],"v":[[10.467,-41.39],[-11.737,-38.265],[-21.549,-25.238],[-13.568,31.464],[-0.541,41.276],[21.663,38.151]],"c":true},"ix":2},"nm":"Path 1","mn":"ADBE Vector Shape - Group","hd":false},{"ty":"gf","o":{"a":0,"k":100,"ix":10},"r":1,"bm":0,"g":{"p":5,"k":{"a":0,"k":[0,0.451,0.506,0.914,0.26,0.363,0.414,0.808,0.709,0.275,0.322,0.702,0.855,0.516,0.549,0.833,1,0.757,0.776,0.965],"ix":9}},"s":{"a":0,"k":[-0.721,41.277],"ix":5},"e":{"a":0,"k":[-0.721,-41.503],"ix":6},"t":1,"nm":"Gradient Fill 1","mn":"ADBE Vector Graphic - G-Fill","hd":false},{"ty":"tr","p":{"a":0,"k":[321.721,302.723],"ix":2},"a":{"a":0,"k":[0,0],"ix":1},"s":{"a":0,"k":[100,100],"ix":3},"r":{"a":0,"k":0,"ix":6},"o":{"a":0,"k":100,"ix":7},"sk":{"a":0,"k":0,"ix":4},"sa":{"a":0,"k":0,"ix":5},"nm":"Transform"}],"nm":"Group 5","np":2,"cix":2,"bm":0,"ix":5,"mn":"ADBE Vector Group","hd":false},{"ty":"gr","it":[{"ind":0,"ty":"sh","ix":1,"ks":{"a":0,"k":{"i":[[0,0],[0,0],[-0.888,-6.307],[0,0],[-6.307,0.888],[0,0]],"o":[[0,0],[-6.307,0.888],[0,0],[0.888,6.307],[0,0],[0,0]],"v":[[10.467,-41.39],[-11.737,-38.265],[-21.549,-25.238],[-13.568,31.464],[-0.541,41.276],[21.663,38.151]],"c":true},"ix":2},"nm":"Path 1","mn":"ADBE Vector Shape - Group","hd":false},{"ty":"gf","o":{"a":0,"k":100,"ix":10},"r":1,"bm":0,"g":{"p":5,"k":{"a":0,"k":[0,0.451,0.506,0.914,0.26,0.363,0.414,0.808,0.709,0.275,0.322,0.702,0.855,0.516,0.549,0.833,1,0.757,0.776,0.965],"ix":9}},"s":{"a":0,"k":[-0.721,41.277],"ix":5},"e":{"a":0,"k":[-0.721,-41.503],"ix":6},"t":1,"nm":"Gradient Fill 1","mn":"ADBE Vector Graphic - G-Fill","hd":false},{"ty":"tr","p":{"a":0,"k":[321.721,302.723],"ix":2},"a":{"a":0,"k":[0,0],"ix":1},"s":{"a":0,"k":[100,100],"ix":3},"r":{"a":0,"k":0,"ix":6},"o":{"a":0,"k":100,"ix":7},"sk":{"a":0,"k":0,"ix":4},"sa":{"a":0,"k":0,"ix":5},"nm":"Transform"}],"nm":"Group 6","np":2,"cix":2,"bm":0,"ix":6,"mn":"ADBE Vector Group","hd":false},{"ty":"tr","p":{"a":0,"k":[321.721,302.723],"ix":2},"a":{"a":0,"k":[321.721,302.723],"ix":1},"s":{"a":0,"k":[100,100],"ix":3},"r":{"a":0,"k":0,"ix":6},"o":{"a":0,"k":100,"ix":7},"sk":{"a":0,"k":0,"ix":4},"sa":{"a":0,"k":0,"ix":5},"nm":"Transform"}],"nm":"Group 10","np":6,"cix":2,"bm":0,"ix":10,"mn":"ADBE Vector Group","hd":false}],"ip":0,"op":180,"st":0,"ct":1,"bm":0},{"ddd":0,"ind":7,"ty":4,"nm":"body","sr":1,"ks":{"o":{"a":0,"k":100,"ix":11},"r":{"a":0,"k":0,"ix":10},"p":{"a":1,"k":[{"i":{"x":0.667,"y":1},"o":{"x":0.333,"y":0},"t":0,"s":[467.388,850.012,0],"to":[0,0,0],"ti":[0,0,0]},{"i":{"x":0.667,"y":1},"o":{"x":0.333,"y":0},"t":30,"s":[467.388,824.012,0],"to":[0,0,0],"ti":[0,0,0]},{"i":{"x":0.667,"y":1},"o":{"x":0.333,"y":0},"t":60,"s":[467.388,850.012,0],"to":[0,0,0],"ti":[0,0,0]},{"i":{"x":0.667,"y":1},"o":{"x":0.333,"y":0},"t":90,"s":[467.388,824.012,0],"to":[0,0,0],"ti":[0,0,0]},{"i":{"x":0.667,"y":1},"o":{"x":0.333,"y":0},"t":120,"s":[467.388,850.012,0],"to":[0,0,0],"ti":[0,0,0]},{"i":{"x":0.667,"y":1},"o":{"x":0.333,"y":0},"t":150,"s":[467.388,824.012,0],"to":[0,0,0],"ti":[0,0,0]},{"t":180,"s":[467.388,850.012,0]}],"ix":2,"l":2},"a":{"a":0,"k":[467.388,850.012,0],"ix":1,"l":2},"s":{"a":0,"k":[100,100,100],"ix":6,"l":2}},"ao":0,"shapes":[{"ty":"gr","it":[{"ind":0,"ty":"sh","ix":1,"ks":{"a":0,"k":{"i":[[0,-11.017],[11.017,0],[0,11.017],[-11.017,0]],"o":[[0,11.017],[-11.017,0],[0,-11.017],[11.017,0]],"v":[[19.948,0],[0,19.948],[-19.948,0],[0,-19.948]],"c":true},"ix":2},"nm":"Path 1","mn":"ADBE Vector Shape - Group","hd":false},{"ty":"fl","c":{"a":0,"k":[0,0.905882358551,1,1],"ix":4},"o":{"a":0,"k":100,"ix":5},"r":1,"bm":0,"nm":"Fill 1","mn":"ADBE Vector Graphic - Fill","hd":false},{"ty":"tr","p":{"a":0,"k":[466.162,588.542],"ix":2},"a":{"a":0,"k":[0,0],"ix":1},"s":{"a":0,"k":[100,100],"ix":3},"r":{"a":0,"k":0,"ix":6},"o":{"a":0,"k":100,"ix":7},"sk":{"a":0,"k":0,"ix":4},"sa":{"a":0,"k":0,"ix":5},"nm":"Transform"}],"nm":"Group 1","np":2,"cix":2,"bm":0,"ix":1,"mn":"ADBE Vector Group","hd":false},{"ty":"gr","it":[{"ind":0,"ty":"sh","ix":1,"ks":{"a":0,"k":{"i":[[0,-16.271],[16.271,0],[0,16.271],[-16.271,0]],"o":[[0,16.271],[-16.271,0],[0,-16.271],[16.271,0]],"v":[[29.461,0],[0,29.462],[-29.461,0],[0,-29.462]],"c":true},"ix":2},"nm":"Path 1","mn":"ADBE Vector Shape - Group","hd":false},{"ty":"fl","c":{"a":0,"k":[0.011764706112,0.203921571374,0.454901963472,1],"ix":4},"o":{"a":0,"k":100,"ix":5},"r":1,"bm":0,"nm":"Fill 1","mn":"ADBE Vector Graphic - Fill","hd":false},{"ty":"tr","p":{"a":0,"k":[466.162,588.542],"ix":2},"a":{"a":0,"k":[0,0],"ix":1},"s":{"a":0,"k":[100,100],"ix":3},"r":{"a":0,"k":0,"ix":6},"o":{"a":0,"k":100,"ix":7},"sk":{"a":0,"k":0,"ix":4},"sa":{"a":0,"k":0,"ix":5},"nm":"Transform"}],"nm":"Group 2","np":2,"cix":2,"bm":0,"ix":2,"mn":"ADBE Vector Group","hd":false},{"ty":"gr","it":[{"ind":0,"ty":"sh","ix":1,"ks":{"a":0,"k":{"i":[[0,-19.83],[19.83,0],[0,19.831],[-19.83,0]],"o":[[0,19.831],[-19.83,0],[0,-19.83],[19.83,0]],"v":[[35.906,0],[0,35.906],[-35.906,0],[0,-35.906]],"c":true},"ix":2},"nm":"Path 1","mn":"ADBE Vector Shape - Group","hd":false},{"ty":"gf","o":{"a":0,"k":100,"ix":10},"r":1,"bm":0,"g":{"p":3,"k":{"a":0,"k":[0,0.537,0.576,0.969,0.364,0.327,0.376,0.743,1,0.118,0.176,0.518,0,0,0.364,0.5,1,1],"ix":9}},"s":{"a":0,"k":[-0.162,35.458],"ix":5},"e":{"a":0,"k":[-0.162,-36.354],"ix":6},"t":1,"nm":"Gradient Fill 1","mn":"ADBE Vector Graphic - G-Fill","hd":false},{"ty":"tr","p":{"a":0,"k":[466.162,588.542],"ix":2},"a":{"a":0,"k":[0,0],"ix":1},"s":{"a":0,"k":[100,100],"ix":3},"r":{"a":0,"k":0,"ix":6},"o":{"a":0,"k":100,"ix":7},"sk":{"a":0,"k":0,"ix":4},"sa":{"a":0,"k":0,"ix":5},"nm":"Transform"}],"nm":"Group 3","np":2,"cix":2,"bm":0,"ix":3,"mn":"ADBE Vector Group","hd":false},{"ty":"gr","it":[{"ind":0,"ty":"sh","ix":1,"ks":{"a":0,"k":{"i":[[10.89,0],[0,0],[0,10.89],[0,0],[0,0],[0,0]],"o":[[0,0],[-10.89,0],[0,0],[0,0],[0,0],[0,10.89]],"v":[[3.529,62.836],[-3.529,62.836],[-23.247,43.118],[-23.247,-62.836],[23.247,-62.836],[23.247,43.118]],"c":true},"ix":2},"nm":"Path 1","mn":"ADBE Vector Shape - Group","hd":false},{"ty":"fl","c":{"a":0,"k":[0.011764706112,0.203921571374,0.454901963472,1],"ix":4},"o":{"a":0,"k":100,"ix":5},"r":1,"bm":0,"nm":"Fill 1","mn":"ADBE Vector Graphic - Fill","hd":false},{"ty":"tr","p":{"a":0,"k":[464.397,462.18],"ix":2},"a":{"a":0,"k":[0,0],"ix":1},"s":{"a":0,"k":[100,100],"ix":3},"r":{"a":0,"k":0,"ix":6},"o":{"a":0,"k":100,"ix":7},"sk":{"a":0,"k":0,"ix":4},"sa":{"a":0,"k":0,"ix":5},"nm":"Transform"}],"nm":"Group 4","np":2,"cix":2,"bm":0,"ix":4,"mn":"ADBE Vector Group","hd":false},{"ty":"gr","it":[{"ind":0,"ty":"sh","ix":1,"ks":{"a":0,"k":{"i":[[0,16.102],[-28.305,0],[0,-16.102],[28.305,0]],"o":[[0,-16.102],[28.305,0],[0,16.102],[-28.305,0]],"v":[[-51.251,0],[0,-29.155],[51.251,0],[0,29.155]],"c":true},"ix":2},"nm":"Path 1","mn":"ADBE Vector Shape - Group","hd":false},{"ty":"gf","o":{"a":0,"k":100,"ix":10},"r":1,"bm":0,"g":{"p":3,"k":{"a":0,"k":[0,0.118,0.176,0.518,0.636,0.327,0.376,0.743,1,0.537,0.576,0.969,0,1,0.636,0.5,1,0],"ix":9}},"s":{"a":0,"k":[-363.452,-280.577],"ix":5},"e":{"a":0,"k":[-363.452,-222.268],"ix":6},"t":1,"nm":"Gradient Fill 1","mn":"ADBE Vector Graphic - G-Fill","hd":false},{"ty":"tr","p":{"a":0,"k":[465.548,516.423],"ix":2},"a":{"a":0,"k":[0,0],"ix":1},"s":{"a":0,"k":[100,100],"ix":3},"r":{"a":0,"k":0,"ix":6},"o":{"a":0,"k":100,"ix":7},"sk":{"a":0,"k":0,"ix":4},"sa":{"a":0,"k":0,"ix":5},"nm":"Transform"}],"nm":"Group 5","np":2,"cix":2,"bm":0,"ix":5,"mn":"ADBE Vector Group","hd":false},{"ty":"gr","it":[{"ind":0,"ty":"sh","ix":1,"ks":{"a":0,"k":{"i":[[0,-16.102],[28.305,0],[0,16.102],[-28.305,0]],"o":[[0,16.102],[-28.305,0],[0,-16.102],[28.305,0]],"v":[[51.251,0],[0,29.155],[-51.251,0],[0,-29.155]],"c":true},"ix":2},"nm":"Path 1","mn":"ADBE Vector Shape - Group","hd":false},{"ty":"fl","c":{"a":0,"k":[0.243137255311,0.341176480055,0.815686285496,1],"ix":4},"o":{"a":0,"k":100,"ix":5},"r":1,"bm":0,"nm":"Fill 1","mn":"ADBE Vector Graphic - Fill","hd":false},{"ty":"tr","p":{"a":0,"k":[465.548,516.423],"ix":2},"a":{"a":0,"k":[0,0],"ix":1},"s":{"a":0,"k":[100,100],"ix":3},"r":{"a":0,"k":0,"ix":6},"o":{"a":0,"k":100,"ix":7},"sk":{"a":0,"k":0,"ix":4},"sa":{"a":0,"k":0,"ix":5},"nm":"Transform"}],"nm":"Group 6","np":2,"cix":2,"bm":0,"ix":6,"mn":"ADBE Vector Group","hd":false},{"ty":"gr","it":[{"ind":0,"ty":"sh","ix":1,"ks":{"a":0,"k":{"i":[[11.825,7.483],[8.269,1.206],[-10.89,-23.624],[-12.834,5.916],[-1.513,2.336],[0,3.021],[0,0],[2.963,7.361]],"o":[[-6.922,-4.058],[-8.834,9.171],[12.304,26.692],[2.348,-1.083],[0.208,-2.968],[0,0],[0,-8.422],[-5.721,-12.907]],"v":[[-1.329,-39.408],[-24.269,-47.468],[-21.354,8.666],[24.163,46.285],[29.923,41.05],[30.275,32.076],[30.275,15.684],[25.665,-8.132]],"c":true},"ix":2},"nm":"Path 1","mn":"ADBE Vector Shape - Group","hd":false},{"ty":"gf","o":{"a":0,"k":100,"ix":10},"r":1,"bm":0,"g":{"p":3,"k":{"a":0,"k":[0,0.537,0.576,0.969,0.364,0.327,0.376,0.743,1,0.118,0.176,0.518,0,0,0.364,0.5,1,1],"ix":9}},"s":{"a":0,"k":[-0.444,47.058],"ix":5},"e":{"a":0,"k":[-0.444,-47.878],"ix":6},"t":1,"nm":"Gradient Fill 1","mn":"ADBE Vector Graphic - G-Fill","hd":false},{"ty":"tr","p":{"a":0,"k":[574.444,545.942],"ix":2},"a":{"a":0,"k":[0,0],"ix":1},"s":{"a":0,"k":[100,100],"ix":3},"r":{"a":0,"k":0,"ix":6},"o":{"a":0,"k":100,"ix":7},"sk":{"a":0,"k":0,"ix":4},"sa":{"a":0,"k":0,"ix":5},"nm":"Transform"}],"nm":"Group 7","np":2,"cix":2,"bm":0,"ix":7,"mn":"ADBE Vector Group","hd":false},{"ty":"gr","it":[{"ind":0,"ty":"sh","ix":1,"ks":{"a":0,"k":{"i":[[8.33,9.599],[0,-32.282],[0,0],[-0.234,-3.143],[-2.165,-0.998],[-12.382,26.863]],"o":[[-31.109,4.27],[0,0],[0,3.203],[1.458,2.068],[12.916,5.954],[10.741,-23.301]],"v":[[24.781,-47.502],[-30.296,15.718],[-30.296,32.11],[-29.903,41.619],[-24.501,46.311],[21.306,8.452]],"c":true},"ix":2},"nm":"Path 1","mn":"ADBE Vector Shape - Group","hd":false},{"ty":"gf","o":{"a":0,"k":100,"ix":10},"r":1,"bm":0,"g":{"p":3,"k":{"a":0,"k":[0,0.537,0.576,0.969,0.364,0.327,0.376,0.743,1,0.118,0.176,0.518,0,0,0.364,0.5,1,1],"ix":9}},"s":{"a":0,"k":[-0.353,47.092],"ix":5},"e":{"a":0,"k":[-0.353,-47.912],"ix":6},"t":1,"nm":"Gradient Fill 1","mn":"ADBE Vector Graphic - G-Fill","hd":false},{"ty":"tr","p":{"a":0,"k":[360.353,545.908],"ix":2},"a":{"a":0,"k":[0,0],"ix":1},"s":{"a":0,"k":[100,100],"ix":3},"r":{"a":0,"k":0,"ix":6},"o":{"a":0,"k":100,"ix":7},"sk":{"a":0,"k":0,"ix":4},"sa":{"a":0,"k":0,"ix":5},"nm":"Transform"}],"nm":"Group 8","np":2,"cix":2,"bm":0,"ix":8,"mn":"ADBE Vector Group","hd":false},{"ty":"gr","it":[{"ind":0,"ty":"sh","ix":1,"ks":{"a":0,"k":{"i":[[60.672,0],[0,0],[20.611,53.403],[0,-8.093],[0,0],[-69.83,0],[0,0],[0,69.83],[0,0],[2.747,7.124]],"o":[[0,0],[-60.672,0],[-2.747,7.124],[0,0],[0,69.83],[0,0],[69.83,0],[0,0],[0,-8.093],[-20.611,53.404]],"v":[[0,8.418],[0,8.418],[-133.062,-82.89],[-137.331,-59.94],[-137.331,-43.548],[-10.892,82.89],[10.892,82.89],[137.331,-43.548],[137.331,-59.94],[133.062,-82.89]],"c":true},"ix":2},"nm":"Path 1","mn":"ADBE Vector Shape - Group","hd":false},{"ty":"gf","o":{"a":0,"k":100,"ix":10},"r":1,"bm":0,"g":{"p":3,"k":{"a":0,"k":[0,0,0.878,0.89,0.205,0.437,0.884,0.945,0.59,0.875,0.89,1,0,1,0.205,0.5,0.59,0],"ix":9}},"s":{"a":0,"k":[-0.388,82.434],"ix":5},"e":{"a":0,"k":[-0.388,-83.346],"ix":6},"t":1,"nm":"Gradient Fill 1","mn":"ADBE Vector Graphic - G-Fill","hd":false},{"ty":"tr","p":{"a":0,"k":[467.388,621.566],"ix":2},"a":{"a":0,"k":[0,0],"ix":1},"s":{"a":0,"k":[100,100],"ix":3},"r":{"a":0,"k":0,"ix":6},"o":{"a":0,"k":100,"ix":7},"sk":{"a":0,"k":0,"ix":4},"sa":{"a":0,"k":0,"ix":5},"nm":"Transform"}],"nm":"Group 9","np":2,"cix":2,"bm":0,"ix":9,"mn":"ADBE Vector Group","hd":false},{"ty":"gr","it":[{"ind":0,"ty":"sh","ix":1,"ks":{"a":0,"k":{"i":[[23.467,0],[0,0],[0,-23.467],[0,0],[-46.483,0],[0,0],[0,46.483],[0,0]],"o":[[0,0],[-23.467,0],[0,0],[0,46.483],[0,0],[46.483,0],[0,0],[0,-23.467]],"v":[[41.674,-63.328],[-41.674,-63.328],[-84.164,-20.837],[-84.164,-20.837],[0,63.328],[0,63.328],[84.164,-20.837],[84.164,-20.837]],"c":true},"ix":2},"nm":"Path 1","mn":"ADBE Vector Shape - Group","hd":false},{"ty":"gf","o":{"a":0,"k":100,"ix":10},"r":1,"bm":0,"g":{"p":5,"k":{"a":0,"k":[0,0.451,0.506,0.914,0.212,0.363,0.414,0.808,0.547,0.275,0.322,0.702,0.835,0.516,0.549,0.833,1,0.757,0.776,0.965],"ix":9}},"s":{"a":0,"k":[-0.388,63.315],"ix":5},"e":{"a":0,"k":[-0.388,-63.34],"ix":6},"t":1,"nm":"Gradient Fill 1","mn":"ADBE Vector Graphic - G-Fill","hd":false},{"ty":"tr","p":{"a":0,"k":[467.388,786.685],"ix":2},"a":{"a":0,"k":[0,0],"ix":1},"s":{"a":0,"k":[100,100],"ix":3},"r":{"a":0,"k":0,"ix":6},"o":{"a":0,"k":100,"ix":7},"sk":{"a":0,"k":0,"ix":4},"sa":{"a":0,"k":0,"ix":5},"nm":"Transform"}],"nm":"Group 10","np":2,"cix":2,"bm":0,"ix":10,"mn":"ADBE Vector Group","hd":false},{"ty":"gr","it":[{"ind":0,"ty":"sh","ix":1,"ks":{"a":0,"k":{"i":[[69.83,0],[0,0],[0,69.83],[0,0],[-35.254,0],[0,0],[0,-35.254],[0,0]],"o":[[0,0],[-69.83,0],[0,0],[0,-35.254],[0,0],[35.254,0],[0,0],[0,69.83]],"v":[[10.892,103.332],[-10.892,103.332],[-137.331,-23.107],[-137.331,-39.498],[-73.498,-103.332],[73.498,-103.332],[137.331,-39.498],[137.331,-23.107]],"c":true},"ix":2},"nm":"Path 1","mn":"ADBE Vector Shape - Group","hd":false},{"ty":"gf","o":{"a":0,"k":100,"ix":10},"r":1,"bm":0,"g":{"p":5,"k":{"a":0,"k":[0,0.451,0.506,0.914,0.212,0.363,0.414,0.808,0.547,0.275,0.322,0.702,0.835,0.516,0.549,0.833,1,0.757,0.776,0.965],"ix":9}},"s":{"a":0,"k":[-0.388,102.876],"ix":5},"e":{"a":0,"k":[-0.388,-103.787],"ix":6},"t":1,"nm":"Gradient Fill 1","mn":"ADBE Vector Graphic - G-Fill","hd":false},{"ty":"tr","p":{"a":0,"k":[467.388,601.124],"ix":2},"a":{"a":0,"k":[0,0],"ix":1},"s":{"a":0,"k":[100,100],"ix":3},"r":{"a":0,"k":0,"ix":6},"o":{"a":0,"k":100,"ix":7},"sk":{"a":0,"k":0,"ix":4},"sa":{"a":0,"k":0,"ix":5},"nm":"Transform"}],"nm":"Group 11","np":2,"cix":2,"bm":0,"ix":11,"mn":"ADBE Vector Group","hd":false}],"ip":0,"op":180,"st":0,"ct":1,"bm":0}]}],"layers":[{"ddd":0,"ind":1,"ty":0,"nm":"main","refId":"comp_0","sr":1,"ks":{"o":{"a":0,"k":100,"ix":11},"r":{"a":0,"k":0,"ix":10},"p":{"a":0,"k":[540,540,0],"ix":2,"l":2},"a":{"a":0,"k":[540,540,0],"ix":1,"l":2},"s":{"a":0,"k":[100,100,100],"ix":6,"l":2}},"ao":0,"hasMask":true,"masksProperties":[{"inv":false,"mode":"a","pt":{"a":0,"k":{"i":[[244,-110],[-44,-134],[0,0],[0,0],[102,70]],"o":[[-244,110],[44,134],[0,0],[0,0],[-102,-70]],"v":[[250,-46],[-52,384],[-2,808],[1050,808],[1056,94]],"c":true},"ix":1},"o":{"a":0,"k":100,"ix":3},"x":{"a":0,"k":0,"ix":4},"nm":"Mask 1"}],"w":1080,"h":1080,"ip":0,"op":180,"st":0,"bm":0}],"markers":[],"props":{}}